/*
MySQL Data Transfer
Source Host: localhost
Source Database: revocable_identity
Target Host: localhost
Target Database: revocable_identity
Date: 27-Aug-19 4:01:51 PM
*/


create database revocable_identity;

use revocable_identity;



SET FOREIGN_KEY_CHECKS=0;
-- ----------------------------
-- Table structure for ca
-- ----------------------------
DROP TABLE IF EXISTS `ca`;
CREATE TABLE `ca` (
  `name` text,
  `pass` text
) ENGINE=InnoDB DEFAULT CHARSET=latin1;

-- ----------------------------
-- Table structure for cloud
-- ----------------------------
DROP TABLE IF EXISTS `cloud`;
CREATE TABLE `cloud` (
  `name` text,
  `pass` text
) ENGINE=InnoDB DEFAULT CHARSET=latin1;

-- ----------------------------
-- Table structure for cloudserver
-- ----------------------------
DROP TABLE IF EXISTS `cloudserver`;
CREATE TABLE `cloudserver` (
  `id` int(11) NOT NULL auto_increment,
  `fname` text,
  `ct` text,
  `trapdoor` text,
  `sk` text,
  `rank` int(11) default NULL,
  `dt` text,
  `downer` text,
  `domain` text,
  `gkey` text,
  PRIMARY KEY  (`id`)
) ENGINE=InnoDB DEFAULT CHARSET=latin1;

-- ----------------------------
-- Table structure for domainmetadata
-- ----------------------------
DROP TABLE IF EXISTS `domainmetadata`;
CREATE TABLE `domainmetadata` (
  `id` int(11) NOT NULL auto_increment,
  `domain` text,
  `fname` text,
  `trapdoor` text,
  `dt` text,
  `downer` text,
  `gkey` text,
  PRIMARY KEY  (`id`)
) ENGINE=InnoDB DEFAULT CHARSET=latin1;

-- ----------------------------
-- Table structure for downer
-- ----------------------------
DROP TABLE IF EXISTS `downer`;
CREATE TABLE `downer` (
  `id` int(11) NOT NULL auto_increment,
  `name` text,
  `pass` text,
  `ugroup` text,
  `email` text,
  `mobile` text,
  `addr` text,
  `dob` text,
  `gender` text,
  `pin` text,
  `location` text,
  `imagess` longblob,
  `status` text,
  `gkey` text,
  PRIMARY KEY  (`id`)
) ENGINE=InnoDB DEFAULT CHARSET=latin1;

-- ----------------------------
-- Table structure for request
-- ----------------------------
DROP TABLE IF EXISTS `request`;
CREATE TABLE `request` (
  `id` int(11) NOT NULL auto_increment,
  `user` text,
  `owner` text,
  `fname` text,
  `sk` text,
  `fileper` text,
  `rdomain` text,
  PRIMARY KEY  (`id`)
) ENGINE=InnoDB DEFAULT CHARSET=latin1;

-- ----------------------------
-- Table structure for results
-- ----------------------------
DROP TABLE IF EXISTS `results`;
CREATE TABLE `results` (
  `fname` text,
  `tdelay` text,
  `tpt` text
) ENGINE=InnoDB DEFAULT CHARSET=latin1;

-- ----------------------------
-- Table structure for transaction
-- ----------------------------
DROP TABLE IF EXISTS `transaction`;
CREATE TABLE `transaction` (
  `id` int(11) NOT NULL auto_increment,
  `user` text,
  `fname` text,
  `sk` text,
  `task` text,
  `dt` text,
  PRIMARY KEY  (`id`)
) ENGINE=InnoDB DEFAULT CHARSET=latin1;

-- ----------------------------
-- Table structure for user
-- ----------------------------
DROP TABLE IF EXISTS `user`;
CREATE TABLE `user` (
  `id` int(11) NOT NULL auto_increment,
  `name` text,
  `pass` text,
  `ugroup` text,
  `email` text,
  `mobile` text,
  `addr` text,
  `dob` text,
  `gender` text,
  `pin` text,
  `location` text,
  `imagess` longblob,
  `status` text,
  `gkey` text,
  PRIMARY KEY  (`id`)
) ENGINE=InnoDB DEFAULT CHARSET=latin1;

-- ----------------------------
-- Records 
-- ----------------------------
INSERT INTO `ca` VALUES ('Proxy', 'Proxy');
INSERT INTO `cloud` VALUES ('cloud', 'cloud');
INSERT INTO `cloudserver` VALUES ('1', 'connect.jsp', 'PCVAIHBhZ2UgaW1wb3J0PSJqYXZhLnNxbC4qIiU+DQo8JUAgcGFnZSBpbXBvcnQ9ImphdmEudXRpbC4qIiAlPg0KPCUNCglDb25uZWN0aW9uIGNvbm5lY3Rpb24gPSBudWxsOw0KIAl0cnkgew0KICAgICANCg0KCSAgCUNsYXNzLmZvck5hbWUoImNvbS5teXNxbC5qZGJjLkRyaXZlciIpOwkNCgkJY29ubmVjdGlvbiA9IERyaXZlck1hbmFnZXIuZ2V0Q29ubmVjdGlvbigiamRiYzpteXNxbDovL2xvY2FsaG9zdDozMzA2L1Jldm9jYWJsZV9JZGVudGl0eSIsInJvb3QiLCJyb290Iik7DQogICAgICAJU3RyaW5nIHNxbD0iIjsNCg0KCX0NCgljYXRjaChFeGNlcHRpb24gZSkNCgl7DQoJCVN5c3RlbS5vdXQucHJpbnRsbihlKTsNCgl9DQolPg==', '25039d71b70c8db8d47316478c7f4627df11e7d', null, '5', 'MjcvMDgvMjAxOSAgIDEzOjA5OjA5', 'abinay', 'Database Connection', '17e434b76de921b118cc9e2f8f1de20a758f988c');
INSERT INTO `cloudserver` VALUES ('2', 'Android.jsp', 'QW5kcm9pZCBpcyBhIG1vYmlsZSBvcGVyYXRpbmcgc3lzdGVtIGRldmVsb3BlZCBieSBHb29nbGUsIGJhc2VkIG9uIHRoZSBMaW51eCBrZXJuZWwgYW5kIGRlc2lnbmVkIHByaW1hcmlseSBmb3IgdG91Y2hzY3JlZW4gbW9iaWxlIGRldmljZXMgc3VjaCBhcyBzbWFydHBob25lcyBhbmQgdGFibGV0cy4gQW5kcm9pZCB1c2VyIGludGVyZmFjZSBpcyBtYWlubHkgYmFzZWQgb24gZGlyZWN0IG1hbmlwdWxhdGlvbiwgdXNpbmcgdG91Y2ggZ2VzdHVyZXMgdGhhdCBsb29zZWx5IGNvcnJlc3BvbmQgdG8gcmVhbC13b3JsZCBhY3Rpb25zLCBzdWNoIGFzIHN3aXBpbmcsIHRhcHBpbmcgYW5kIHBpbmNoaW5nLCB0byBtYW5pcHVsYXRlIG9uLXNjcmVlbiBvYmplY3RzLCBhbG9uZyB3aXRoIGEgdmlydHVhbCBrZXlib2FyZCBmb3IgdGV4dCBpbnB1dC4gSW4gYWRkaXRpb24gdG8gdG91Y2hzY3JlZW4gZGV2aWNlcywgR29vZ2xlIGhhcyBmdXJ0aGVyIGRldmVsb3BlZCBBbmRyb2lkIFRWIGZvciB0ZWxldmlzaW9ucywgQW5kcm9pZCBBdXRvIGZvciBjYXJzLCBhbmQgQW5kcm9pZCBXZWFyIGZvciB3cmlzdCB3YXRjaGVzLCBlYWNoIHdpdGggYSBzcGVjaWFsaXplZCB1c2VyIGludGVyZmFjZS4gVmFyaWFudHMgb2YgQW5kcm9pZCBhcmUgYWxzbyB1c2VkIG9uIGdhbWUgY29uc29sZXMsIGRpZ2l0YWwgY2FtZXJhcywgUENzIGFuZCBvdGhlciBlbGVjdHJvbmljcy4=', '902d177dba1deedd45dc411b9653401a566ec36', '[B@16e3a7e', '5', 'MjcvMDgvMjAxOSAgIDE0OjQ5OjQ1', 'Abinay', 'Android Apps', '17e434b76de921b118cc9e2f8f1de20a758f988c');
INSERT INTO `cloudserver` VALUES ('3', 'Cloud.jsp', 'Q2xvdWQgY29tcHV0aW5nIGlzIGFuIGluZm9ybWF0aW9uIHRlY2hub2xvZ3kgKElUKSBwYXJhZGlnbSB0aGF0IGVuYWJsZXMgdWJpcXVpdG91cyBhY2Nlc3MgdG8gc2hhcmVkIHBvb2xzIG9mIGNvbmZpZ3VyYWJsZSBzeXN0ZW0gcmVzb3VyY2VzIGFuZCBoaWdoZXItbGV2ZWwgc2VydmljZXMgdGhhdCBjYW4gYmUgcmFwaWRseSBwcm92aXNpb25lZCB3aXRoIG1pbmltYWwgbWFuYWdlbWVudCBlZmZvcnQsIG9mdGVuIG92ZXIgdGhlIEludGVybmV0LiBDbG91ZCBjb21wdXRpbmcgVGVjaG5pcXVlIHJlbGllcyBvbiBzaGFyaW5nIG9mIHJlc291cmNlcyB0byBhY2hpZXZlIGNvaGVyZW5jZSBhbmQgZWNvbm9teSBvZiBzY2FsZSwgc2ltaWxhciB0byBhIHV0aWxpdHku', '-15e674532fb11d10d53f91289cb5afc16a23f491', '[B@18849be', '3', 'MjcvMDgvMjAxOSAgIDE1OjUyOjI5', 'Manjunath', 'Cloud Computing', '17e434b76de921b118cc9e2f8f1de20a758f988c');
INSERT INTO `cloudserver` VALUES ('4', 'Bigdata.jsp', 'QmlnIGRhdGEgaXMgZGF0YSBzZXRzIHRoYXQgYXJlIHNvIHZvbHVtaW5vdXMgYW5kIGNvbXBsZXggdGhhdCB0cmFkaXRpb25hbCBkYXRhIHByb2Nlc3NpbmcgYXBwbGljYXRpb24gcHJvZ3JhbW1pbmcgc29mdHdhcmUgYXJlIGluYWRlcXVhdGUgdG8gZGVhbCB3aXRoIHRoZW0uIEJpZyBkYXRhIGNoYWxsZW5nZXMgaW5jbHVkZSBjYXB0dXJpbmcgZGF0YSwgZGF0YSBzdG9yYWdlLCBkYXRhIGFuYWx5c2lzLCBzZWFyY2gsIHNoYXJpbmcsIHRyYW5zZmVyLCB2aXN1YWxpemF0aW9uLCBxdWVyeWluZywgdXBkYXRpbmcgYW5kIGluZm9ybWF0aW9uIHByaXZhY3kuIFRoZXJlIGFyZSB0aHJlZSBkaW1lbnNpb25zIHRvIGJpZyBkYXRhIGtub3duIGFzIFZvbHVtZSwgVmFyaWV0eSBhbmQgVmVsb2NpdHku', '-4c08b00c0e53b6886629ac72b895b1d1d48daf3', '[B@a6a5dc', '3', 'MjcvMDgvMjAxOSAgIDE1OjUyOjU1', 'Manjunath', 'Big Data Processing', '17e434b76de921b118cc9e2f8f1de20a758f988c');
INSERT INTO `domainmetadata` VALUES ('1', 'Database Connection', 'connect.jsp', '25039d71b70c8db8d47316478c7f4627df11e7d', '27/08/2019   13:09:09', 'abinay', '17e434b76de921b118cc9e2f8f1de20a758f988c');
INSERT INTO `domainmetadata` VALUES ('2', 'Android Apps', 'Android.jsp', '902d177dba1deedd45dc411b9653401a566ec36', '27/08/2019   14:49:45', 'Abinay', '17e434b76de921b118cc9e2f8f1de20a758f988c');
INSERT INTO `domainmetadata` VALUES ('3', 'Cloud Computing', 'Cloud.jsp', '-15e674532fb11d10d53f91289cb5afc16a23f491', '27/08/2019   15:52:29', 'Manjunath', '17e434b76de921b118cc9e2f8f1de20a758f988c');
INSERT INTO `domainmetadata` VALUES ('4', 'Big Data Processing', 'Bigdata.jsp', '-4c08b00c0e53b6886629ac72b895b1d1d48daf3', '27/08/2019   15:52:55', 'Manjunath', '17e434b76de921b118cc9e2f8f1de20a758f988c');
INSERT INTO `downer` VALUES ('1', 'Abinay', 'Abinay', 'Scientist', 'Abinay.123@gmail.com', '9535866270', '#782,4th Cross,Rajajiangar', '05/06/1987', 'Male', '560021', 'Bangalore', 0xFFD8FFE000104A46494600010100000100010000FFDB00840009060712131015131312151615171815171517171515151A151A1515161615181715181D2820181B251D151521312125292D2E322E171F3338332D37282D2E2B010A0A0A0505050E05050E2B1913192B2B2B2B2B2B2B2B2B2B2B2B2B2B2B2B2B2B2B2B2B2B2B2B2B2B2B2B2B2B2B2B2B2B2B2B2B2B2B2B2B2B2B2B2B2B2B2B2B2BFFC000110800E100E103012200021101031101FFC4001C0001000202030100000000000000000000000107060803040502FFC40049100001030202080206080402080701000001000203113104210506071241516171138122325291B1F114234262728292A143A2B2C153B32433638393A3E1F01516447374C2D225FFC40014010100000000000000000000000000000000FFC40014110100000000000000000000000000000000FFDA000C03010002110311003F00BBD2BC90F251D07C90493C0213C38A8B6412DDD04934EE84D145BBA5B337FF00BB209AD2E95E257CB9C002E71000CCD6C07755EEB46D5B0D092CC30188907DAAD2269FC5793F2E5D50589BD954E43E1DD629A6768BA3F0E483378AE15F4211E21A8E05C3D107A12A91D60D6CC66309F1E625A7F86DF4231F905FF354F55E2A0B4B4AED96535187C2B1A383A57179FD0CA01FA8AC5F1DB46D272FFEA4B0728D8C67EF42EFDD62AA626171A34171E4D049F7041DF9F4EE2DF9BF15887779A523DDBD40BA4F95CEF59C4F724FC57AB84D54C7C9EA60F107A989CC1EF78017799B3DD286D827F9C900F8C810636C91C2CE23B1217720D358A67A98AC437F0CD28F8397B2ED9E69517C13BCA5C39F848BA78AD50D211FAD829FF2C65FFD1541DCC16D0749C56C5BDC3948D649FBB857F759368BDB1E21A409F0F1C83898DCE8CF7A1DE04FB956B8885CC347B5CC3C9ED2D3EE2BE106C0E85DA768E9F274860772986E8FF88096FBC8598452873438105A730410411CEA2EB5397A7A1358315847570F33982B52DAD58EEF19F44F7A5506D00280D7B2AC35636B714948F1ACF09D6F158098CFE26E6E67EE3A856561E76C8D0F8DCD731C2A1CD21C1C3A1191083941AF64AF2517C82741F24124F0084F00A2D904B774124FBD4D57CDBBA90297BA0952A14A0F92780516C8292795D45BBA05BBA5BBA5BBA5B33740B666EBC6D67D67C3E063F12777A46BE1C6DCDEF2383472E6E3905E46BEEBD47806EE3409312E156338460FDB92961C85CF4152287D27A465C44AE9A6797C8EBB8FEC00B35A3801920F735BF5E3158F716B9DE1C3F66161CBBBDD779EF97201632A0959EEA76CCB118AA4B39304273151F5920FBAD3EA0EAEF71BA0C1F0F03E478646C73DE6CD6B4B9C7B34665679ABFB27C64D474EE6E1D9C8FD6487F2B4D1BE66BD15BBA035770B8466E61E26B3DA7DDEFF00C4F399F8725EAF40830BD11B30D1D0D37A374EE1774AE247FC36D187CC1596E130714437228D918E4C6B5A07900B9FA0F925B20827A0516EE96EE96EE816EE96CCDD2D99BA752838E7C3B1EDA48D6B872700E1EE2B16D2DB37D1B3D4F81E0BBDA8498E9F907A04FE5596F5297CCD9052DA77645898C1761646CCDF61F48E4F23EAB8F72D55F63F032C2F31CD1BE378FB2F6969EE2B71D464B6AAFDBE2BA5A5F44418A67873C4D919F78660F36BAED3D410506AD2F6F5635AF15817D617FA04D5F13B363F9E5F64FDE143DECB2FD6FD954B16F49822668C66623FEB1BF80DA41D323F8956CE041208208241072208C88238141B1BA9FAE987C7B2919F0E602AF89C7D21CCB4FDB6F51E602C92D905AA386C43E37B648DCE63DA6AD734905A798215DDB3BDA1B7154C3E228DC4D3D17641B3D397B2FE6DE371C400B02DDD2DDD2DD4A5B33740B666EA40E254752A40E2504A95155283E49A77516EEA49A28B666E816CCDD61FB43D746E0220D651D89907D5B4E62316F11FD390E27A0247AFADBAC31E070CE9E4CDDEAC4CAE6F79B3474E24F000AD70D29A465C44CF9A676F48F3571F80038340A0039041C389C43E47BA491C5EF792E739C6A5C4DC92985C3BE47B638DA5EF79DD6B5A2A5C4F00130D877C8F6C71B4BDEF21AD6B732E26C02BFB67BA8ECC0C7BEFA3F10F1E9BEE180FF0E3FBBCCDC9E94003CDD42D9B4786DD9F141B24F916B6EC88F4F6DFF7AC38733615FB25FB274081D02741F24E83E4B871B8B8E18DD248F0C6341739CE340D1CC941CD6C82F1F4EEB560F06293CED6BAFB82AE79FC8DA9A2AA75C76A134C5D160CBA18B3064B4B27507F863B7A5D4595764D49273249249CC926E49E2505C7A436C9034910616493EF48E6C40F5006F1A77A2F1A5DB262AB56E1A11DDD23BE042AD5105931ED8F155ABB0D01EC646FEE495EAE036CD193F5F847B4738E46C9E7BAE0DF8AA85106C9682D74C0E2C86C53B43F846FFAB793D1AEF5BCAAB20BF6F8AD4C2166FAA3B48C4E1088E62E9E0B16B8D6460FB8F37FC2ECB802105F97EDF14E8174B43E9687150B6581E1D1BB88C883C5A45DAE1C415DDE83E481D07C961DAF3A81063817C748B13C240327D384A05F96F5C75192CC6D904B7741AB1A5746CB8699D0CCC2C91B70788E0E69B39A7810BA809041048233041A104660822C7AAD91D74D52871F06E3FD195B5F0A503361E479B0F11F0342B5E74BE8C970D33E0999BAF61A11C08E0E69E2D2330505CBB31D7CFA50FA3620FF00A4347A0F3FC768F83C711C6E38D2C2EA56A8413398E6BD8E2D7348735C0D0B4835041E6B61B67DAD8DC7E1F79D413C746CAD1CF848D1ECBA87B104704194F52A4679A8BE66CA467DBE283EAA88883E4E59AF9738005CE20002A6B6005D7D1E65577B64D62F070A30CC3493115DEE6D887AD5FC47D1EDBC82B6DA0EB41C7E2CB9A7EA63AB201D3ED3CF57115EC1A382C60952B3CD92EAAFD2B13E3CADAC3010686D24976B7A86E4E3F9799419A6CA752BE8D18C54EDFAF91BE8B48CE261E1D1EEE3C85073AD857EC97EC9D0207409D07C93A0F925B20816C82A0F69DADE7193986277FA344E2053F8AF19179E60661BEFE395ADB48D2FF45D1B339A68F781130F1DE93224750DDE77E55AE40209445D9668E98C46510C86202A6411BB700E65F4A7EE83AC88880888808888324D45D6B7E03101D52617902665EA3DB68F6DBFB8CBB6C5C3335CD6B98439AE01CD2330438541AF1A85AA0AF5D8D69832E8F309357C0FDC1F81DE947E43D26FE4419EDBBA5BBA5BBA5B33740B666EB12DA2EA78C7E1F79B41888C1313ADBC38C4E3C8F03C0F4AD72DEA53A941A9CF61692D7021C090E0450820D0823810725EAEAAE9E7E0B14C9D998069237FC461F59BDF88EA02CF36CBAADBAE18F89B46BC86CE0707599279E4D3D77799556A0DABC0E2D93C4C96376F46F68734F304547C9762B5ECAA5D8A6B1577F0323B9C905795E460F33BD4EAE56D57920FA45145283E5D4B9B0FDBAAD66D73D37F4CC74B3D6AD27762E91B3267BF3777715776D474B1C3E8D9883474948599D0D64A8711D4303CF92D7741C98681D23DB1B055EF735AD1CDCE20347BCAD99D57D0ADC26122C3B3EC0F4DDEDBCE6F779927CA8382A8B633A0FC6C6BA770F430EDA8EB24956B7DCDDF3DF755E5D0207409D07C93A0F925B20816C825BBA5BBA5BBA0ABB6EF3D21C2C7ED4923CFE46068FF0034AA79A0920004939000549272000172AD6DBC03BD83ED3FC625E7EC6357DB3621F8A9002D8281839C8E04EF53EE8B75703C1064BA85B358A16367C6B1B24C685B1BA8E645C45459EFEA721C2D5362BA30410E037694DD232A5294217D75297CCD90537AF9B31747BD88C0B4BA3BBA019B99CCC43ED37EEDC70AD8563FF7DA975B657EDF158B6B4EA160F1C4BDCDF0A5FF00163A02E3F7DB67F739F50835D9166FA6F65D8F8093186E21838C7E8BBCE371FD9A5CB0CC561DF13B76563E377B2F6B98EFD2E00A0E344440565EC2F13BB8BC447EDC4D77FC37D07F9A5568AC0D891FFF00A4FF00FE3C9FE64482F2B666E9D4A7529D4A075297CCD92F99B25FB7C5075F48E0998889F1482B1BDA5AE1CC114F2E8B58B4DE8B7E17112E1DF9BA3716D7DA176B8742D20F9ADA5BF6F8AA8F6E3A1407438C60BFD4CBDC55D11FEB15FC282B4D11A45F87C4473B3D68DC1C3AD3D66F62091E6B683018C64D1472466AC7B5AF69E8E008F8AD545796C5B4BF8B817404D5D03C81F824ABDBFBEF8FCA10585452A14A0A736EDA4AB361F0E0E4D6BA570EAF3B8CF7063FF52AB5655B51C678BA5B11C985918FC8C6D7F98B962CC8CB8868BB8803B9341FB9417EEC8B46783A318EA51D339D2B8F427763FE46B4F9ACD3A0F92E0C0618451470B2D1B1AC1D035A00F82E7B64102D904B774B774B7740B774B666E96CCDD48E650559B7780F85859393E46FEB6B5C3FCB2A7610F1E0E28711246EF7B081FD25799B58D6FC2E2A3FA2C5BEE7C53076F803C325AD7C6E6835A9F5EF4A649B0E94B3178985E0B5CE898E2D702D23C27119839FF1905C97CCD92FDBE297EDF14BF6F8A05FB7C52F904BE413A0F920741F25C788C3B1EDDC731AF1C438070F305725B2096EE831DC6EA2E8D93D6C1C553EC031F9FA042F267D94E8D366CADFC32B8FF5D56716EE96CCDD052DB43D9FE17038413C52CE5E6463035EE8CB7D20E26CC06B469E2A76170FFA5E21FECC21BFAE4047F9657B1B75C47D4E161BB9F2B9E00CFD466E014E27EB5631B31D68C368F9266E25B2874A6369706D44623DFAEFB49DE19BF8036417BF5297CCD9446E0E01C082D22A08CC107306AA6FDBE2817EDF14BF6F8A5FB7C52F9040BE41785AF5A2FE93A3F11081576E1733F1C7E9B0799681E6BDDE83E49D020D4C078ACF7631A44C7A4BC3AFA33C6E6D3EF33EB1A7DC241F99627AC581F03193C3C192C8D1F8438EEFF2D1726AAE33C1C761A5F6668EBD8B835DFCA4A0DA144441AB5AC536FE3312F3F6A798F9195D4FDA8BB1A9B86F1348E159CE7889ECC7079FD9A579533F79CE77324FBCD5647B336D74BE107DE90FBA094FF641B1BD028B774B774B7740B774B666E96CCDFF00EEC9D4A0753F25D5D2AF7370F2BC7ACD8E42DE843090BB5D4A873038106C4114E60F341AFF00B21C2C726948FC400EEB247B6B9FA6D0287A90093DC555C9A534537E9B87C63451CDDE8653EDC728A36BCF764F0E9D0B95198095DA2F4A8DE0698794B5DCDD19AB6A071AC6E0E03A85B1914AD918D7348731C039AE1987039820F2B20E4BF6F8A1CF2097C82741F240E83E496C825B2096EE816EE96EE96EE96CCDD02D99BA7529D4A75283C33A29B2E91FA4C801104623841FB2F90EFCAFEFBBE1807AB9563B71C331B8C85ED003E489DBFD771D4613D6848AF41C95D4071B0BFF00D4AD78DA1E98FA76927783E9B46EC10D3ED90E22A3F13DC69D2882E6D9E3DCED17842EE1134770D25ADFD80590DFB7C574B42E004186860168A3632BCF75A013E745DDBE4102F904E83E49D07C93A040E812D90BA5B2174B7741AF7B57C36E6969FEF889E3CE36B4FEED2B10712054644663A1E0B3DDB5B29A51BD70F11FF9930FFEAB0228363BFF00350E43DE8A90FF00C69FED220F0E46D091C891EE2B25D98BA9A5F087EF4A3DF87947F75E2E9D8B73178867B334CDFD32B87F65DED48C4787A4B08EFF006D1B7F59DC3FD48365EDDD2D99BA5B3374EA503A9F927529D4A5F33640BE66C97EDF14BF6F8A5FB7C50579B56D4CFA530E2E003C689A77DBFE2B1B5397DF6E74E75A7258FEC63599E2538291E4C6F05D054FAAE6FA4E637A39B534E6D3CD5C77C82D79D77D10FD1BA4B7A1F45BBC27C39E03D2AEE766BB2A7B34E68361BA0F925B20BCFD5FD2ECC561629E3B48DA917DD759ED3D43811E4BD0B7740B774B774B774B666E816CCDD3A94EA53A940EA52F99B25F3365C38CC53238DF2C8E0D8D8D2E713C034549FD90571B67D677C4C66122796BA405F290687C3CDAD6F40E3BDE4DA715D2D90EA57AB8F9A94CFE8ECF7B4C8EFDF7475AF2586C4C974BE95371E33EA7FD942DFDAAD6003AB8F55B118781AC6363600D631A1AD02C0345001E410725F209D07C93A0F9274081D025B2174B642E96EE816EE96CCDD2D99BA752828ADB63ABA4DBD30D10FF009931FEEB02598ED6F13BFA5A51EC36267FCB0FF8BCAC324391EC507A7FF85BB922BAFF00F287DD0882A9DA5E13C2D2B891C1CE120FF78C6B8FF3172C72098B1ED78BB1CD70EED21C3E0AC9DBA68EDDC5413819491BA327AC4EA8F3224FE5559A0DAEC2CC1EC6C80E4E68737B38023E2B93A95896CAF4978FA2E1A9F4A1AC2EE9E19A33CF70B165B7CCD902F99B25FB7C52FDBE297EDF140BF6F8A5F2097C82741F240E83E4B17DA26AB8C7610B183EBA3ABE136A9A7A4C2793865DC34F05945B2096EE8292D90EB4FD1A7760E63BAC99DE86F65E1CDEAEE906DBD40DA7B40732AEDB77553ED6751C92EC761DB537C431B734FE2B40FE61E7CEBE8ECD7684D9DADC3629F49C504721B4E38027849F1B8CEA1058F6CCDD3A94EA53A940EA52F99B25F3364BF6F8A05FB7C554FB67D6B14FA044EE4EC4106C051CC8FE0E3F97995926D0B5F23C130C5110FC4B87A2DB88EBF6E4FECDB9ED9AC23667A9AFC64DF4DC555D10717B77AF8892B52E3CD80E7D4E5605065BB25D55386C399E46D269C039DE38EED6D3813EB1FCA382CFBA0F9213C0274081D025B2174B642E96EE816EE96CCDD2D99BA75281D4A90389F928EA7E4BC8D6ED29F46C0CF3D8B2376E57DB70DD8EBF98B506BCEB5E3BC6C762651674B253F0876EB7F95A1716AF613C6C661E2F6E689A7B178DEFDAABCE028B37D8FE8EF174A31F4CA163E43CAA4786D1DFD327F2A0BFD1110615B5BD13E3E8C91C055D011337B36A24FE4738F905AFEB6C66883810E00B4820836208A1AAD61D65D107098B970E6BE838EE93F698738CF9B48F3AA0CD7625A64478A930AE3E8CCDDF67FEE46331DCB2A7FDDABAAFDBE2B55747E31F0CAC9A3347C6E6BDBDDA6B43D0D8F42B67742693662B0F1CF1FA92343BA836734F504107A841DDBF64BE413A04E83E481D07C92D904B6412DDD02DDD2DDD2DDD2D99BA05B3375576BDECB8485D3E0835AF39BE0C9AD71E719B35DF74E5DB8DA3D4A7528285D17AFDA4B00EF027064DCFE1E20383DA3EEC9EB53913BC392CA70FB66848FACC2480FDC7B1E3F9B7558DA4745C1886EECF0C7237807B43A9D456C7B2C5F11B2ED18F35113D9F825781EE712020F0F11B66829E8612627939F1B07991BDF058D698DA7E3F147C2C3B443BF906C41D24AEE8D752BFA5A0F559F61F657A301A98E478FBD2BE87F490B26D15A0F0D870461E08E2F68B5A013DDD73E65055FA97B2E924789F1F50DAEF783BD57BCDEB2BB80E80D4F1A58DBD1B0340630068000000A068190000B2FAE83E49D02074096C85D2D90BA5BBA05BBA5B3374B666E9D4A07529D4FC93A9F925F32817CCAAAF6E3A6E8C8708D39B8F8B27E16D5B183D0BB78FE456862276B18E91E4358C05CE26C0345493D000B5975A34D3B198B9710EA80F77A0D3F658DC98DEF402BD4941E5ABAB61FA27730B2E208CE67EEB4FDC8AA3FACBFDCA9BC0E11F2CAC8A3157C8E6B1A3AB8D057A66B68743E8F6E1F0F161E3F56363595E741993D49A9F341DEA228A2941F242AC36D5ABDE244CC6C6DF4A2A325A718C9F45DF95C4F93CF2567915ECB8B13036563A37B4398E05AE06CE0E1423B50A0D51564EC735A3C294E0A4752394D6227ECC9C5BD9E065D47DE588EB96AF3B038B7C26A59EB44E3F6D86D9F31EA9EA3A85E2349041048233041A1045883C0A0DB2E83E496C82C3766BAE231D87F0DE47D2620049C3C416128EFC4703D085E9EB36B8E1302292C95908A8899E93CF2247D91D5C4041EFDBBAE0C663228585F2C8C6378B9EE6B07BDC68A93D3DB57C64A4B70E1B87673CA490FE670DD1D837CD60F8DC64933F7E591F23BDA7B8BCFBCD905E9A576A5A3E1A8639F3BBFD937D1FD6FA0A7515584698DAEE324A88238E01C09ACAFF002268D1FA4AAED105C9B19D253E224C64B889A495C04006FB890DAF8A4EEB6CDB0B00ACEBE66CAA1D83CC3C4C5B0DCB6170FCA6407FA87BD5BD7EDF141E5EB369D8F07867E22504B5B401AD19BDCE346B7A549199547E90DA4E93924739B88F09A4E51B19196B4701573493DC9F7595F9A43051CF13E191A1D1BC16B81E20F2E5CEBD16BF6BD6A649A3E4077B7E07B888DF51BD5A5771EDF680E2323D2C8221DA26946B81FA59750FAAE8E2A1E868C069D88574EA3EB4B74861BC46B771ED3B92B7321AEA03E8BB882083CC5735466A6EAB4BA427F0D84358D01D2BCD3D06934146DDCE3434E1CC85B0DA1744C5848198781B46B477249BB9C78B8941DEE81605B63C54B0E0E192195F1BDB886FA4C716920C52D41A5C6432392CF6D90BAADF6E730182819C5D38779322901FDDE3DE8312D0DB58C74541288F10DE3BC3C379FCECCBDED2B37D0FB59C0C994C2481DF79BBEDF2732A69DC0545A20DA7D1BA4E09DBBF0CD1CA39C6F6BC0E991C8AEDF53F25AA18799CC707B1CE63859CD716B87670CC2CD3416D431D010252DC430709327F948D1FD41C82FBBE652FDBE2B16D57D7EC1E34860798A53FC29280B8FDC759FD867D17635DF5A63C0618C868E7BAAD859EDBA9C79305C9EC2E420C3B6CFAD5BAC18189D9BA8E9C8E0DBB19DDD73D00F6953EB9717897CB23A491C5CF792E738DC9373FF45D9D07A264C56223822157BCD2BC1A2EE7BBA0153FB5CA0CFF0062BABA5F33B1AF1E8C756455E2F70A3DC3B34D3F39E4AE6E8174B4368C8F0D878F0F10A3636803AF12E3CC92493D4AEEDB2412A542941F2457B28BE4149E4A3A0F920C6B5F7559B8FC37862826655D0BCF0771693ECBAC7C8F05AED89C3BE37BA391A5AF612D734DDA464415B5D6C82AFF0069FA8BF4A6FD230E07D25A3D26FF008ED02DF8C703C6DC880A5B4763E582412C323A391B5A39B7151423AE4B82591CE71739C5CE26AE738924937249CC95F241048208209041C88232208E0510111101111064DB39D3430BA4627B8D237FD549D0484509E81C184F4056C65FB7C56A610B60F661ACBF4CC106BDDF5D0D192F370A7D5BFF003019F56B906617C82A236C3A6FC7C7F82D3E861C6E74323A8643E5E8B7BB4AB975934BB70984967368D8481CDC72637B97168F35AC334AE7B9CF71AB9C4B9C79B9C6AE3E64941916CEF4E7D134844F268C79F0A4E5BB210013D9C1A7B02B63AD90BAD4C216C76CEF4EFD2F47C5213591BF552F3DF8C0153DDA5AEFCC8325B77544ED8B4D78F8E10B4D5B876EE9E4647D1CFA76018DEE1CADAD73D3EDC0E0E49CD0C9EAC4D3F69EEF547619B8F4695AD72C8E738B9C4973897389BB893524F524941F28888088880BB5A4749CD396BA695F2163431A5E6A4345857FBDCF15D5504A0903CF9019D7B057DECC353FE850F8B2B7FD265037BFD932E23EFC4F5A0E0BC0D95EA21696E3312CF4B27411B87A9CA5783F6BD91C2F7A52D6B642E816C85D48CBBA8B775232EE8254A85283E49E0145B20A49E0145BBA05BBA5BBA5BBA5B337415EED1B6783155C4E1A8DC45DECC8367FFF002FEBC6C798A4A785CC7398F696B9A48735C082D22E08362B6BFA958B6BA6A3C18F697BBEAA7028C95A3959B20FB6DFDC702835D917ADAC7AB989C149B93C6403EA3C66C93F0BB9F4342392F2501111017B3AA3AC3260714C9D952DF56460FB6C3EB0EE3220F30385578C88364F4DE8F834A68FDC63EAC95AD7C720FB2E06AD2471A1142D3D46456BCE98D15361667433B0B5EDF73870734FDA69E07FB82164FB38D7776064F0A524E19E6AE1993138FDB68E23DA6F98CF2370E9FD0184D2387687D1E1C37A295846F377854398FCC50E59660A0D71C0E0E49A46C5130BE479A35ADB93FD87124E4066B61751F56D9A370643DE0BDDF593BEB46821B615B35A05FB9E839354753F0DA3A33B9E94847A72BA9BCEE341C18DE839675BAAD769DAFBF49270B8675601FEB641FC620FAAD3FE18E7F68F4198785B43D6B38FC555A4F811D5B08E7ED4847375076007558B222022220222EF686D0F3E2A511411BA47F1A59A3DA7BACD1D4FC507440FDF21D6B656E6CEB66E5A5B89C637D2C9D140E1EA710F947B5C99C38E790F7F51F6790E0A92CA44D89F6A9E845FFB60F1FBC73E5459BDB21740B642E96EE96EE96EE816EEA40E2545B32A40E2504A94441F24FBD45BBAFA2A00A67C5045B3374EA5481C4A01C4A08EA52F99B29A56E94AF6F8A0EBE37071CEC31CAC6BE375DAE0083E4555BACFB23AD64C0BFF00DCC84D3B324BF93BDEADA39F643C906ABE93D193E1DFB93C4F89DC9C295FC2EB38750485D45B578EC145330C7246C9186ED7B4387B8F158369BD92E0A5A981CF81DC81F119FA5E6A3B0704146A2CEF4A6C9F48464F87E14EDE1B8FDC779B5F403C9C56318ED5CC643FEB70B3B7AF86E23F53411FBA0F2D647AB1AEF8CC0B4B21731CC39EE4AD73DAD3725BBAE696D78E74E9558D9700684D08B8E23C92A832CD61DA163B19118A4746C61F5842D7337C7B2E2E7B8EEF414AF1AAC5117CEF8E63DE83E917A182D058A9BFD561A67F56C4FA7EAA53F759368BD96692969BEC8E11CE478269D1B1EF67D0D10612B9B0583926788E28DD23CD9AC6971EF41C3AAB93436C7F0CCA1C44AF98F16B7EA99FB12E3FA82CF746E8A830ECF0F0F13226F1DC6815EA4DDC7A94152EABEC925790FC6BFC26DFC2610E79E8E7E6D6F957B856CE89D15061A31161E26C6D1C00BF57139B8F539AEEF4096B208B642E96EEA694EE8053BA08B774B665481C4A01C4A08EA7E4A467994A573297EC826AA511042294410854A201444405014A20808A5101111062BAE56F22A8FD60F5CF74441D7D0FEB8F25756A4F0ECA51066E8888014052882114A20845288214A22082A5110422220FFFD9, 'Authorized', '17e434b76de921b118cc9e2f8f1de20a758f988c');
INSERT INTO `downer` VALUES ('2', 'Manjunath', 'Manjunath', 'Scientist', 'tmksmanju13@gmail.com', '9535866270', '#782,4th Cross,Rajajiangar', '05/06/1987', 'Male', '560021', 'Bangalore', 0x89504E470D0A1A0A0000000D49484452000000C9000000FA08030000003CF693340000010B504C54452E5E99FFFFFFFFD9B51E4A85FFB068FFAE64FFDBB9FFAD6124518C2B5A951F4B86285691003E7F25528D1A48842A599400347AFFAA5900337A003A7D0040806161FFFFAB5C11448219497E0C4281F7F8FAFFC69300377BD8DDE6FFBC80FFD0A5FFEBDCFFC088536E9AFFC9988999B6B5BED0FFB572FFE1CAEAEDF27185A9FFB666C2CAD89EABC28E9DB9EEF0F4788BADABB6CAFFF6EF3250A5505AFFFFD1AC4C6897595EEF3F5F915F77A0FFB5584456C64A58D3BCC5D4274C93DFE3EBFFB878FFDFC6776C7DBF8F73B18671F1A96A3F5583F9AD7B857287575E80D299706E687E00287A89757BD79B9D2F4FA17068F5C993ADE8A488997BD97A6CEFA581D0EFA462A682776162CE796D9338F34CF90000122149444154789CED9DF77BE2381AC74D31065C282678082D0C0909218599244BE63697CCF6726DF7766FEFFEFFBFE4AC577203DBAAF6CC93BBF797C99321D81FBD455FC992AC558AB677EF4E4ECE919D9CBC2BF23A5A81DF7DF271BEA8F77AC3E1D040E6FFDB1BAEC6F7E7C500154572529DF57C00BDBE6FBA31ECE9CB8FEA690A2139591AC31488384E6F55550CA39EE4DDDC181E50E8875C46EFE5A3CAEBAA26397FE9197100C3A8AF5E66B3C562319BBDAC74438F3319BDB93AC7A825F9588FDCA11BF5D978795F6DC4AD3A5F2E56464463F4C6AA5854929CD787913366CB7BB8F57D43BF9C8F57611AE9AA58D4919CBC0C238C791A441CA71AC1E8BDB98AEB2B2359F68280592DABB91801CCFD228832C33897BF0145242706C97303B9838A4160AAE33A61E92DA46F410D49E010E365CE8A411CB3242CBA71F21990BC5B6187E82B3E0ECC320EDC22992D0A48CE8943F4253707B054670609CC4F4C72DF2381551502412C73D21475997A2C4DB2C4B5D7107348E09617EC969E44B2C8922C0C9C21F7122088652C8D2249424066721CD528C27AC23D8B1C09063116D22028C256722852243824A452246E2B5D26C06448E643A520D5C60B4611AB6012248D9E5A9010452F99E44439888F0201A6BF944B827364AC1204A1E0E629936406ADA7A26A254DB88089925421DB5F948334E6E0EB217FD60B92BCC3624B350742591AD0D7964582C3995FC4B3A040DC0EB96790C4481A28B674C5D91EA280BB87E5904092AC8A0121A9C25DBF8448963AC45631203ECA4217502D222490EE0514E0C87481A4172181262BA26E05D6580A38458004BB44A94A394059F13B4580044F86140942929ECF29FC2425B82470CAB858927BA370978499C2A359F8498C023BC5180A8888FB2249CE51AF6814CC81265B74CE311737099460F9B914BA21DF0F39729E9BA45768F71E59630685A53892F332F21D48B0242A8E04856FA1422542D1F9C28B97042A5709C145C28BA37A71929CC0C0A40C97E0F0E29866E124691825552E64A0588A22813429BC5BC4069D237BA27092143BC4DA23814469144302EAD12829B870A230AB483E1248F8A2C6EF07364711B02A86E4639909CF99F27C2448D19795F024E599953D1F0994AE8207593192154FF1E22341D383E5F4F040828AD79075B29B8F640502A2341234823058A755F9488C52465921090A66A35A084939E3C52409AB86E42329B363245DA3C1BA30879FA41C25FC7F121E92D7115DAF27E35F4F157E3D3DE3EB512BCB57A3205F8FAA7F3D23ADD733FAC53312258134F0B8AE18924ABDB4C9D48267895ED1CCDDEB994D2D7D869BFD99FCE7FED4815575F1932C4B7B12542DF849103CFA7D154FE7F0B0B190C5767B24105C1CBB6BB849C6AFE62976A92B0BEA1C37F63FBCDAE315ADC0793DABA2F07ACE8257AA092C1F145E3D5868A6409614BF7A101762BD489071392B3ACB5A65BBE0BB2BA195CF789175712B9F67DC854B9404AF462F2AE9C96A74DE6DC062241F8745C617341387769421A9BCE845EFDAE0DE15F4F9EDA4814D92BCE92E4E8277A01430F545763771C796C48EB305DE8FA01C45789FA9F82E40B8A4922DBF71C3D92E727CC1E7B6335340A64893543EAADF2D8BF730F38CAF949054EE55EF60C620027B196549C8C90BCA76CC7EBA5DE5E10679253BFDEF21B0C4CF5F903C7D01A3E8E2E77A8420735D0E44FA448C3139564952B87CFA13317C854F8E5B91499646956CF1E799DF524E829F3D4A45181EB5FBADF1E94E8E399E9E5D3F9A5F5DD603B788B034EEC9B13106D7548A3292E3CDD5DAE9BBD6C07346DF7D8B5974816C695417E4BCACCB6F6EB7D3E372496E9E4ECDBE3BF06AC41CEBEBC02D2BF6D3BB80A33126A7915DD67FB64603B7DFB93DBB2889647ABDEB5B23A71637C7FDB91EB0BC089D4476F993831BC6F1ACAE737B765334C9F476304950E09FDB4DCF0BDCE2E7ED98ED74B8F92C38E9EEB2FE951BFF56CFEAEFAEA6C5915C5C7BAE578B9BD36E9A664BF3CD8FB01FBF0D587463967FD45DA3D1B81FD7837323F5CB6F3C2FD62EF8C7C1A47DFD5C08C9E6A13FDA8300066C360AB11FBEFF500F615EC6F3B45314F1A1908B7A788AE2E587BF7D37706A8EA675CC663BE1EFD1C4BE622F018C24DB76CCFD4EDBEE68496BC1EFEF7EFFFE43EC644BFD65B19C274FB6BC9F8F67F1932D7D8EDFBE7C8302947C51C76EC66106FD356B9431916C3D2BE2689A5A8AA1FF79F3E5D1DD3F7FFD100419A2D17D1E386E74860E1BAD1B46FCB051FDF2F2977FDC1DFDB9EDFF6DFC4B3B76CC37DE64F7A48A64D38E38D2317078D5DA7F3F3A3ABAFBED977A8C25DB2E3FFCFAFBD1DDD1D117C825CEFEF799916B1CB779A682E4E6ED24E068676104E1F5E608D9DDDD7FBEAE5FE6D35C5E7EFBC7BFEFE0E37F8A07570226F48CE3DA1B6992AB3E292B4E733F3752C30BD917DEC0FDF18F9F8C61CA21C33A3A29F95F5FFFF58DEBBD870F1F0657AC79ECD02F93075A21CB27397E70C937357331B458789170B1BC9B77E7F7E3D5109D5E4DACD7D367CBC64965FB17CF6FEE37EFA34F677E6D27708CD33F9520D904FD47B39579A9B0FD82F0825BAB79CDB07E9213C54F62278A9FF5E1D3EFF3822BFCE28065E0E496B13C92AB3EC98FFCB82246C2EB0024D522949CE00A599A0E835B72486E27F8EF6D160E125EEFD9406228F9C145ACD3C66D6AEDB2055936C9A385FF9A1E58A4E5A20E8D0EE2A39076AA51828B9819647E6611CB24793BC019C2C8A1E1F022E58145639C461A2E3FB8883549845D7192608FB046165850321D9B492C3D84DD2D35B8B011B74C32922583648D41981A2BB020BC1C9305E4B81FBA8421B8F00570B6B86B0E926BE8461CA69A155970675D169F6C5CBEE002C328562A4A2AC9A62F02128697CB225F4FD118A1CD115CB14B58B78C2417A0B4F8420B59105E168BE0B3D1353AA6C31E5C602664977BCD46B2834FF3243B313472F1FF7244D115D05A5DEC0DFFCEF85A0CA374B72C24A71667F90DCDAE691D74836FE924671649759327B82294FE41041F924CFB3CF52461A81385EE8B4EB2F602B7730731546367B05F560E4930B3080818947CFA94150CDE58E5C39E411FE9ED3BFE80E4CAE22B8CFB86CA914B1D174D2732CD05EAD8DDEBECF7498EA16E09C5163694F2832C4511B5D7403015B14189EC273DBF4F728BCABC23E87664288ABDF45E38662055C41DDF826E62974772D1172CC0D1454079514040AAF016ADB8410FE9264AF11EC97A2495EEC8C0F114BD0252452284896E71B349B04BC4BD1E5C83A65740AA88A78946E22BD10527496E3D6997408DA4E9152C55A42F53EBC78690099263052E8194A7E89540AA4819742A31299920B91EC8BB8445AF845245C6CC3DA72448060A5C82F58A7B70F7718BA48AE475E2CE8F933CB90A5CC2A25764A44A64767254172781EE4AAAA28051F58A9C5489AC96901331125C82A59B8AAE5724A54AE2428E934202F92E9B871A835E792B27552273E2DE8F91B4155D80A65770AD97BF0EEE53C2368B48207A658B3C186A917E3689BC5409AC13CFF988044F76A8B80045AFC84B95D0E2F31F1189A3A4334146D12B0AA44A60766CF01892A82A8D1A4DAF28912AC45A31E11D925CABF379BE5E5122550243816C3D25496C55A551C37AC5CA2251235588D951F50A4854FA3C5FAFA8912AC43A51A305245B45DD22589E5E51988FC8A0D1A6711265FD2EB2668E5E5125556297B2AEE2245D359A0B5B9E5E51DA64E4528F31928D1A414F2C4FAF74950617BED42446A2B0DF4596AD57D449156261A2101285FD2EB26CBDA2B8C948A26C4312A53558CBD32B2ABB2D301014EB904469BFABE5E815D54D467A94664802538FAAFA5D2D47AFA86E320DE72452F69804E650D5A549B65E512A55B005390924176AFB5D2D5BAF586A2B0B32B43C07A53C906C2DC505254BAF28962A60414E6AA1CF990A0ADB02A94CBDC225550E16C0A61BE4E40321F158A58AC9FA943E43AFF04815D6CAD02239A971A50973DDC9D02B3C52C5667DB406D312374072C69A2636FB0A10A88DFB207CEACE618C4352BC10C92D6B6964FD6E2D43AFF0499526233414AF332061155D4D8E47A9A97A854FAA74183F0B0B4CAE1109EBE3CB16874B52F5CA0DA754693B4C5949AA8BC62EB49B3C7791A65778A58AC91603505D768884B1C873B924F57910B75471D83E8DCBB0C6DC2F3257C5F0EBF7F58AC5ABEE18731ECAF0B146A651E937C9B0223D6E877A855FAA986CFD35BAD4E459AB1CB375578C411BDAA15EB9E257776CC1D8848AAF55A66C09CF3BAC38D42B02B32A6CE10515FF496314C226EF4D404549ACB71578F8C7165E360CE535DCF1529DD87678C5F8BE5E119A88620A2F130259C34EA7559416EFC2CB43BD2234ABD2645D73EF9D6A15A6A52A36FF34C2BE5E314566554C96EB76202535B6D22530A4DCD32B37624BBA58E021251FB5E70943E9EA080CBEF7F48AE0AC4A9B457DC0953426D5C52AB01396D42B82B32A2C57C6C24B631A6609CD5724F5CA406C228AA90E43C1D7403F5262D1149AD949E815E1591596A2590367C09352CA8785822BF690464CAA606349941A24080C7D292D2E760F09BD22FC0088A5156BE0EF477AC72852B9B43DBD22BC4EC96424696B6FE98F62C5828BACB795902A602D0657D660132C2C4FA37D506CA635A657AEC59F93D26B37AC94D8693BAADB595A25D5627A4548AA60A3A73C84F18366537DC23BC60A2DDA1F242855826FA17C82A8153A09931E4DB348AFC83C00A2F78D44419A5412F10712B5E07990CC03A016B57212554FCD13E13489E91541A9828DDACB9391D603AD0AB314F40C0BF4CAB3D403206A4CE0CA827BC63C12D1DE448BF48AB05421DF42F9535CEDB5354DADB0089F0C0BF48ADC5A156AC5C141AC9DD26620F947F0A1057A456E790F75040C2415AAAAA7978E1CC3EB572497F7D0CA3014FB5D853AD2629CD14C3788E06709A982AC43B903D2016BB429487A179B6390F29B9DE45A15CA1F1351A4DD50E656847B786478C1A5272E55C02824E8FEBB17150DF75AD9EE935A7200CBC5BD9AB85421B790270F204DDAE829F6637EF1925B66520B4CEE4BF21AB3590BD648A0E295FD6844AA74C54864BE24BF47AB1121419E3A64260AAD70506F8298C477E4A72A04175A08A9552A6EDE485E4275E19BC026B5BC279704828BACB9CB95DC5245383C23456EBD601E09EC358583717C92272BC7FD524598142F19A942BB079B542EBC026792D36A92249A239F26B97181BE1C96A646EB56326E58420993BF974E933C129425641A1D914CBBD9755296A4299F267924C8E583EB90046FC94C778AECFA4BD8082AB9AC369B04BB24B62768939D29B224A6AC54D17248E0CB834974BCCA7697793289C4380BAC252B55B41C925A58B842129C2969179425D164A58A964D02D5A4BFB7C7146464DAD240E945F06DD91A9CD913400A8EC2651884E4A69B115FD2244DF995C8E92430E5186D608EF6694DD25353C5610CB25B1B52493AFB072D85BB0021BE0E9B4FFA3E24C534B2B4092F7C56D82476E24A4872EC396928F22DCABDE0E5C0527A67ACE71267AB45FB7E9FFB69C2429E447EC1FE21090EAD51629D656C7FFC260D45BA0A6B99471233DBC172487C30D728FB5CA22D4649A4579372182FDDE4779BD87B8D81B5DC1E48F294127CE4ABA36C5F2398D22FD3C25321070F951C92C02BFCC70E9667361EF1B88F955C92CA537010EFA7BEE10C230E493B9F77FF24B2A9450E6655BB994A91118738DD94E3D20FCEB9BBD991D37859B7FF9467C1F486B54BDBB19E761E649F0CBEDBAA9355CA020EA79F7240673A49655A236E7118CEDF2EC9420ECBCC38243DFD2CDBD02DB967D49766D169EFA349E6314119E70B3F3F84E7ED7FF2DC8F4EE0F7FAB7D907E8659E5EBD31C37752389FD0319DE8AD085EFF31EF2CAD9CB3D19FECE8FD1A8EBC7A1230F47287E0E0FD417F9DFF1681FC93F777DDE8D86FA76D9799FFAD18869FE7EE29ED853B94F73A4CD7FD41FCED2ACD52685AB1376D409AEF0E8F13E625F14760DB5D37F982A3B66D1687D332EDE48B693CD73A657A990BCB9B5C9EAFDB938467104ED3ECA8E569A1B7EB242FE28C5CEB96FEBE1076120473B5EB5BC9D71D611E5B1AA8E5BBC16EB7F75A0A5E47D564F30617896F3767EBC124850613F948260754CBF7806937F79D1098674DACF596EF15617CEFD37ADEAEBDAE354AC171623FB4DB3E19981D1AF985FF5FF10FA7410CACAEB7DE72BD804A8004D9CDE6FA71D075079E93774329B74BF9BC9F1596DBF51EAF37022F3813222138DBDB07ABEB5ABE8328374833C7F146036BD2F5DE9E6EA762103224D88EA74F57A78F9D4977E2230D469EEF26462CFFF6FD30B25C77D21FECD6A7DBCDB3C45B001590844417D3A7EDD5E9FAEDAEED37EE6432717DB3021B843FA15F4F26DDAE3B321F1E6FAFAFCE3653C117FFA5981292A4DD5C3C3F4FA79BCDE6E9E92CB2A727FF37D3E9F3C58D74EBA7DB7F01450BD293FFDDAEAF0000000049454E44AE426082, 'Authorized', '17e434b76de921b118cc9e2f8f1de20a758f988c');
INSERT INTO `request` VALUES ('4', 'Ashok', 'Abinay', 'connect.jsp', null, 'Permitted', 'Database Connection');
INSERT INTO `request` VALUES ('5', 'Ashok', 'Abinay', 'Android.jsp', '[B@16e3a7e', 'Permitted', 'Android Apps');
INSERT INTO `request` VALUES ('6', 'tmksmanju', 'Manjunath', 'Cloud.jsp', '[B@18849be', 'Permitted', 'Cloud Computing');
INSERT INTO `request` VALUES ('7', 'tmksmanju', 'Manjunath', 'Bigdata.jsp', '[B@a6a5dc', 'Permitted', 'Big Data Processing');
INSERT INTO `results` VALUES ('connect.jsp', '80', '6144');
INSERT INTO `results` VALUES ('Android.jsp', '160', '5120');
INSERT INTO `results` VALUES ('Cloud.jsp', '127', '3072');
INSERT INTO `results` VALUES ('Bigdata.jsp', '141', '3072');
INSERT INTO `transaction` VALUES ('10', 'abinay', 'connect.jsp', null, 'Upload', '27/08/2019   13:09:09');
INSERT INTO `transaction` VALUES ('11', 'Abinay', 'Android.jsp', null, 'Upload', '27/08/2019   14:49:45');
INSERT INTO `transaction` VALUES ('12', 'Ashok', 'Android.jsp', '[B@16e3a7e', 'Download', '27/08/2019   15:12:24');
INSERT INTO `transaction` VALUES ('13', 'Manjunath', 'Cloud.jsp', null, 'Upload', '27/08/2019   15:52:29');
INSERT INTO `transaction` VALUES ('14', 'Manjunath', 'Bigdata.jsp', null, 'Upload', '27/08/2019   15:52:55');
INSERT INTO `transaction` VALUES ('15', 'tmksmanju', 'Cloud.jsp', '[B@18849be', 'Download', '27/08/2019   15:57:42');
INSERT INTO `transaction` VALUES ('16', 'tmksmanju', 'Bigdata.jsp', '[B@a6a5dc', 'Download', '27/08/2019   15:59:21');
INSERT INTO `user` VALUES ('1', 'Ashok', 'Ashok', 'Scientist', 'Ashok.123@gmail.com', '9535866270', '#892,4th Cross,Vijayanagar', '05/06/1987', 'Male', '560021', 'Bangalore', 0xFFD8FFE000104A46494600010100000100010000FFDB008400090607100F0F10101012100F10100E100F100F0F0F100D100F0F1511161615111515181D2820181A251B151521312125292B2E2E2E171F3338332C37282D2E2B010A0A0A0E0D0E151010172F1D1D1D2D2B2D2D2D302D2D2D2D2D2D2B2B2B2D2B2D2B2B2D2F2D2D2D2D2D2D2D2B2D2D2D2D2B2B2D2D2D2D2D2D2E2D2D2D2D2D2F2BFFC000110800E100E103011100021101031101FFC4001B00010002030101000000000000000000000001020306070504FFC4004510000201020303050C0707040301000000000102031104122105415113317191F006071417223253618194A1B115234252B2C1D324626372A2D1D24373A3E18292F133FFC4001A010101000301010000000000000000000000010204050306FFC4003111010001020404030802030101000000000001021103041351142131527191E1122223323341618105B162D1F0A142FFDA000C03010002110311003F00EE20000000000000000000000000000000000000000000000000000000000000000000000000000000000000000000000000000000000000000000000000000000000000000000000000000000000000ACAA25CEC0A72F1E28072F1E28072F1E28072F1E28072F1E28072F1E28072F1E28072F1E28072F1E28072F1E28072F1E28072F1E28072F1E28072F1E28072F1E28072F1E28072F1E28072F1E28072F1E28072F1E280B46A27BC0B800000000B81E5ED9DA91A1072E77B92E76F72035BE4B1788779D6E453D7253E78AF5BE2512B64C9DFF006AAD9573CB33F86A2E0B654AD99E26B25BBCA777F11712F654D2D7115AEF9A399DFE62E25EC99DD2F09ACE5BFCA764BAC5C4AD9526ECB135ACB9E599DBA39C5C16CC7ABF09ACA2B7DDEBF11713F45C92BBC456D7CD8DDDDFC45C4BD972565E1155C9EECCF4E9D45C596CA93795622AB6BCE77765F11705B2E4EFFB455CAB9E577AF46A2E256CB95B33AF552DCAEEEFE22E0F65C95AF5AAE67CD14FFEC5C5BE8A95F2AAF55CB7EAED15D62E0B65C9BB2AF56CB9E57D3A39CB705B31D9CB97AAA2B99DDDD92E27E8C925775AADDF9B1BEACB712F65C95972D51C9EEBE897162E27E8B77B2AD51DBCE77D17AB9C5C42D9ADDDF2D51457DABF3F40B89FA35DB33AD552FB2AEEEFE22E22583AF4ECE155CA4F5C92D47247A9B1B693A89C66AD38BB497AF89255EB9000014AD51455D81AF57DAF39C9AA51CE93B393964A69F0CDADDF4267AD385CAF54D9E1563F3B5317FEBCFF00D5DE7637095AB4E1293A4945E6CB9E52BBDDAE532D3A779F2F563AB89DB1E7E8C8F0F5AD64E9A5BFCB95DFB72934E9DE7CBD5756BED8F3F42542ABB7FF009655F673CBFC4BA54EF3E5EA9AB5F6C79FA1C8D6BDDBA4F82CF2B2FE91A54EF3E5EA6B57DB1E7E82A5595DDE9667BF3CB4F6651A54EF3E5EA6B57DB1E7E88E4AAA564E9ABF3BCF2BBFE91A54EF3E5EA6B57DB1E7E8874EAD92FAA515BB3CB5F6E51A54EF3E5EA6B57DB1E7E896AADEEF92B2E659E565EBF34BA51BCF97AA6B57DB1E7E885CADDB6E9396EF2E564BA328D1A779F2F535EBED8F3F457EB527674F33E79728EFF8468C6F3E5EA6BD7DB1E7E8C6B193A768D45921BE49E68CBD59B77B4C2AC298E71CD9D38F1336AB94FF00E79BD2A38A8CD26F48AB658FDE7B8F37BBE872D537AC9F9B1E1DB8812AE9D96B37CF2DD14016F8C5D97DB9EF6F7AB80BA6B8535CCBEF7FD012E5CD292FE4876DE02ED3E351F545005BE317AFDB9F6DE0134D59694D73BFBC04B9734A5A457990DEDEED0036D3BBD66FCD8EE8AEDBC094DA765ACDF9D2DD15DB701F12B43151CBCD38BBBE2D34246CF1E64412000D7FBAFC5BA745462ED2A928D38BE0E4ED7EAB9EB834C555C44BC7315CD187331D7A79BE2C3C546118AD124925EA3DEAE7376BD11114C442E99190D810D944361156C0A365632A365632A3919319951B2B0524CAC6650AB35EB5F75EA9FB05922B98F05230B3CD4B9D7FA527A2FE47BBA0F1AF0A27F0D8C2C79A794738DBFD4FFB7D186DA6D3CAF4A8F9F3ACAE2BA3FB1AD551553D61BB462D35F49FF6FA963D79A9D97DA9DF56CC5E89FA422D7082E65F7BFE8097B4169297FE1001F4859EE737D514016396AA2F5FB7300B1F16ACB482E77F78097B422ECDE915E6C38F0027E9049DDD9CDF9B1DD14042C7A4EC9A737E74B7240163E3E6A768AF3A57D5FB40F96AED08BC452B5925195BAD01B5E1B191925D041F5A6000D57BBA5E4D07C3114BF11EF96F9FF53FD35B371F0BF71FDB1539688F697953D12A5A851C88233144390455C8228E456332A3919319951B2B1BA8D958CB1CA45612A39158CB1B975958ACF11756928CD7EF24C7B3B2EA4F498BA8EAC3D153B740F66774D48ED85255A1E8A1D45F63F2938D1DAA3AF0F470EA2FB1F963ADFE2878887A38750D3FCB1D7FF155E261E8E05D3FCA6BFE1578A8FA3875174FF2C6731FE2ABC5C7D1C069FE5388FC2BE191F470B974FF0029C44ECABC62F470EA2E9FE535E764786AF470B740D3FC9AF3B3156C56ABEAE05F620D5997D983DAB2A5AC2528DBEC36E54E5EAB3E6F61E38997A6AFB3DF0B3B89873D6F1B7FDD1D07606D1588A519ADEB9B7A6B46BACE5D74CD154D33F677F0EB8AE98AA3A4BD43166D67BBB5FB3A7F76AD37D55227B65FEA43C3351F0AA7C1465E4A3627AB5A99E4B296A152E44555C8A9755C825D5722D92654722B1BA8E456332A39158DD5948B66332C72916CC66547232612C6E4562A39158CA92916CC658E522B0951C8AC55722A28E45632A39158CA8E45442D409B12E26FFF00C031D67AA0B086F422B75EF6F27C9D55B95576FF00D51CCCE7D4FD3BFF00C7FD1FDCB75355BCD73BBB5FB1D47C127D4D33D703EA53E2F1CCFD2AFC25E361E7E49B7547369513C9752D496657E69CC2C5D573162EAB996CC6EAB9152EA39158DD4722B1BA8E4549960C4E2634E329CE4A318A6DC9BB2496F1D18F399B4354C577C3C0C1B51954A9EB8C1DBD8F79E5398A21EF195C496BDB43BE554E53EA2947925E92EA72F5E9CC7955999BF28E4F6A72516F7A79B352EF9AADE5E1DDFF007669AF8D8CA335BC309C86D53EAA1DF1F0D2F3E9D587AED192F83338CD53F7879D591AFED312D8766EDAA18A57A352337BD5ED25D28D8A2BA6BE92D3C4C2AF0E7DE87D6E47ABC255722A2AE4114722B1954AC4B842E02E42C5C0C755EA83281BD08377EF6D1FA9A8F8D597C91CBCDFD4F27D0E423E0C7EDBA1ACDC783DDB46F82AFF00EDC9FC0F4C2F9E9F1879E345F0EAF096B384A9E42E85F237EA8E6E6E1CFBAC99F531B32BF31CC58BA1CCB64BAAE62C9751CCB64BAAE654BAAE65B31BA9298B24CB917771DD555C455AB868351C3C2591A5CF51C5EB77C2FBBD468E362CD5334C747472F8114C4553D5A89E0DA000003261EBCE9C94E12709AE6945D99626626F095531545A79BA87721B7DE2E9353B2AB4ECA76FB4B748EA65F175239F5870F3797D2AB97497BCE46CB4D0E418CAB72B14390445C09CC42C5C29708C751EA832824F420E81DEE23FB337C673FC472B35F567FEFB3E8B25F429FDFF006DB8D76D3C7EEB217C1D65FC29FE16654CDAA8635C5E99691B36A5E9C7F923F23A75C737230E7DD67CFA98D995C73162EABA85B25D0E65B25D573164BAAE65B228E65B25DE0776BB42AD0C1D4A945A534E29B6AF68B6936BACF2C699A689987AE0531557112E30DDF57AB6EEDBD5B7C4E6BAE000000001B3F7BDA8D62E4B74A8C9BF6356F9B36F273F12DF868FF2111A513F9747723A8E1CCAAE4125198AC5172297017085C81702937AA22C266F4043A3F7BB8DB0717C6537FD6CE46627E254FA4CAC5B068F06D278B61E76DF8DF0D557EE4BE409736D9153EA61FC91F91D8AFAB8987D1F539EA6366574398B25D19C58BAB9CB64BAAE62C8AB996C8AB996C8F9B1B4E3569CE9CD29467094649EA9A684D31316929AA69989870CAB4DC2528BE78CA517D29DBF238F3169B3BB1378BAA4500000006DDDEEE97D6D69F08462BDADB7F246F6469F7AA9737F92ABDDA61BD663A4E3AB98219808CC4137017085C8A5C22B37AA22C26ABD011D5D43B825FB152F5C6FF138F8DF52AF17D2E5FE951E10D8CF27B3E4DAB1BD19AFDD7F20393EC897D5457056EAD0ECCF4870E394CC3EA94F52596519C59119CB610E62C8AB996C5D473164BAAE65B3151CCA390F75184E47195A3BA53E523D13D7E773918F4FB35CC3B597AFDAC3A65E59E4F600000006E1DEFF0011675A9F1CB3BFC3F23A191ABE6872FF0092A79535372CC745C94662066009904E6023302C662164E6059127AA0B0567E4912239BACF7150B60687FB50F91C5C4F9EAF197D36145A8A63F10F78C1E8F9F682FAA9F43038F6CD95A2D7094D754D9D98F969F07127E6ABC65F44A7A96218CAAE65B1743A82C9755D42D92EAB98B0AB996C8ABA82C8AB996C39FF007C34B97A4F7BA4D37C6D2D3E6FACE6E763DE874F233EE4F8B5534DBC00000481EEF71726B15A733A53BF45D1B792FA9FA6967E234BF6DFB31D6712C662066058CC0B198858CC0B198164A9010DEA881889792088765EE5216C1D05FC287E1470AAEB2FA6A62D10F5C8C98716BC89743038BE1DDA75570AF597FC923B387CF0E9F07171396255E2C9527A99C43CE54750B6443A82C2AE65B22AE62C21CCB6455CC22AEA16C351EEF30D9A14EB2FB0DC65D12B59F5A5D668E7B0FDD8AB66FE46BB4CD3BB4C39AE98000902F87A79E7085F2E79C6199ABE5CD24AF6DFCE5A62F311BA5536899D9BF6C2D8B1C229372552A4BCE9C535151DD18DF5F6FF0063AD96CBE9C4CCF597173798D5988A7A43D5CC6D352C6609633116C66058CC42C66058CC0B253019B540312FC9F6124A639BB86C28DB0F4D708457C0E0BE99E8018EBAF265D0C0E2559E5C4E263C31157E32BFE6767039E152E363F2C5A94AB5353DA21E32A7282C88E505857396C88CE2C21CCB6149541618DD42D863AB184E2E338A9C249A94657B493DDA6ABA512AA22A89A67EEB4D73455154758738DA94152AF5611568C67E4A6DBB45ABAD5F3F39C2C5A3D8AE69D9DCC2AFDBA22ADDF29E6F4480032E0DDAAD3FF769FE346787F3D3E30C6BF92AF09FE9D2D48EF3E76C66058CC0B198858CC0B198066059398163304B254B5405AB6B65C5A5F131AF9532CB0E2F543BCECB8DA8C17EEA382FA37D4056AF9AFA00E1DB51DB1B8B5FC77F18459D9CAFD1A5C7CCFD5A9F2D59EA6C43C258F396C88CE2C239416443A85B0A4AA8B0A39854672A233846BDDD3ECA9544EBD349B847EB23BDC17DB5C6DBFD5D073B3D83336AE98F1743258D117A27F4D54E63A40002612B34F834FA99626D37498BC59D0305B429D58A70926EDAAE66BD87730F169AE2F4CDDC2C4C1AA89F7A1F4E63D1E763310B27382C8CE0B0A404E6058CC0B27315168BD502CCD1779D35C6A417F523CF17E4ABC259E0C7BF4F8C3BE6057D5C7A11C27D0338113E67D0070DEE9565DA38A5C6707D74E275F27CF09C9CDC7C5979B5A7A9B710D6962CE6564467021D40292AA0B299C2998A86605987178C8528E69BB2F8BE83CF13129A22F54B3A30EAAE6D4B5FC6F748E4A518C3C9926AF27ADBA0E76267AF1314D2DEC3C95A62665E01CF6F800001684DC5DE2DA6B7A766589989BC24C44C5A5E852DB9888FDBCDFCC933629CDE2C7DEEF09CAE14FD9E8E1BBA67FEA43DB07F91EF467BBA1AF5E47B65EC6176952ABE6C937C1E8D7B0DCA31A8AFA4B52BC1AE8EB0FAB31E8F2B198A58CC0B27302CB29152CB41EA41F5E0D66C461D71AF4BF1A3CB31CB0EAF07A65E3E253E2EFB865E447A11C377594086070EEEDBC9DA75FD71A72F85BF23AF91FA73E2E5E73EA7E9E1D79EA6EC35658B942A21CC16525502D95CC16C660964E6216795B436EC29DE30F2E7FD2BA59A78D9CA68E54F396D61656AAB9CF286B78BC5CEACB34DDDEE5B9742397898B5624DEA97468C3A688B52C279B300000240000240203D5D9DB6A74DA8CDB9C3D7E747FB9B7839BAA9E557386AE36569AB9D3CA5B3D3AAA4934EE9ABA3AB13131773262D3695F315129844A6517A6F508F4762EB8CC32FE3C3E0EE6BE6B96154F6CAC7C4A5DF68F9ABA11C5769700C0E1FDF2165DA92F5E1E9BFEBA8BF23ABFC7FC93E2E6E723DF8F0FF006D66B48E8352CC5981655D425D6CAE6175B273111F3633684292F29EBBA2B9D9E58B8F461C7BD2F4C3C1AABE8D7B1FB5AA55D3CC87DD5CEFA59CAC6CD5789CBA43A18597A68FCCBE0359B0000000090000090000001B177398ABC1D37CF17A7F2B3A593C4BD3ECECE766F0ED57B5BBD9CC6F34EC94C09CC54B2F4DEA58EA92F63B9759B68E117F124FAA9C9FE46B673E94FF00DF77BE563E2D3FF7DA5DEE9F32E838CEC2C000E27DF5619768C1FDEC3A5D5397F91D3FE3E7E686867239C34EACCE94B4E189C8C6EB656E04DC0F8B6AE3B91869E74B457DDEB35B338FA74F2EB2F6C0C2F6EAE7D21ACCE6E4DB936DBE76CE35554D537974E22222D082280000002400002400000000FBB6249AAF1B6FBA7D163632B33AB0F0CCC7C396D573AEE5A6E113728BD27A963AA4BDEEE2A19B6961BD4EA4BFE392FCCD5CF4FB8D8C9C7C487798F32390EAA4001C63BF0AB6370EF8D1A8BAA51FEE747F8F9E7534B37FFCB44AB3D4E9CB4A218C96548B09B0B09496F8529FFB9428D66BA1CE2EC615E1515FCD17654D7553D26C9B47D161BDCF0BFE061C36176AEB6277168FA2C37B9E17FC070D85DA6B6277168FA2C37B9E17FC09C361769AD89DC9B47D161BDCF09FA6386C2ED5D6C4EE2D1F4585F73C27E99386C2ED4D7C4EE4A51F4585F72C27E98E1B0BB4D7C4EE2D1F4585F72C27E99786C2ED35F13B8B47D1617DCB09FA64E1B0BB4D7C4EE4DA3E8B0BEE584FD31C361769AF89DC5A3E8B0BEE584FD31C361769AF89DC5A3E8B0BEE583FD3270D85DA6BE27726D1F4585F72C1FE98E1B0BB4D7C4EE2D1F4585F72C1FE98E170BB535F13BBFA4DA3E8B0BEE383FD32F0B85DA6BE2777F49718EEA7423FBD4F0B86A325D128413F8995397C3A66F4C2558D5D51699329EBECBCEE9CA3D92E9CA5F652E98E8C5AD2365EF78AFB4E9FAA9D47F25F99A39F9F77F6DAC9FCFF00A7734729D3480039377ECC13FA8AF1D72668C96FCB2B6BD715D66CE5B1228AA6FF0076BE6289AA2263ECE50B13EB3A31988DDA9A73B27C257145E22374D39D93E14B8A1C446E69CEC958A5C50E22374D39D93E14B8A1C446E69CEC7852E2BAC7111B9A73B27C29715D63888DCD39D8F0A5C50E22374D39D93E14B8A1AF1B9A73B1E14B8AEB1C446E69CEC9F0B5C5758E223734E763C29715D64E223734E763C29715D63888DCD39D8F0A5C5758D78DCD39D93E16B8AEB1AF09A73B1E16B8AEB1AF069CEC785AE2BAC6BC1A73B2562D715D6388834E764F85AE2BACBC446E69CEC9F0B5C5758E22374D29D93E18B8AEB1C446E694EC7862E2BACBC446E694EC9F0C5C5758E223734A7644B149EF5D66338F13F734A766F5DE8F0BCA632559BF2614DC17ADB69BEACBF1347358B154443732D8534CCD52ED469B700006BDB7BB9A8E2F49BD3801AE4FBD6E19F64057C5561BB58078AAC376B00F15586ED6023C54E1BB58078A9C376B00F15386ED601E2A70DDAC03C54E1BB58078A9C376B00F15386ED601E2A70DDAC03C54E1BB58078A9C376B00F15386ED601E2A70DDAC03C54E1BB58078A9C376B00F15386ED601E2A70DDAC04F8AAC376B00F15586ED601E2AB0DDAC04C7BD661976407BBB0FB91861257A6EC80D9D0120000000000000000000000000000000000000000000000000000000000000000000000000000000000000000000000000000000000000000000000000000000000000000000000000000000000000000000000000000000000000000000000000000000000007FFD9, 'Authorized', '17e434b76de921b118cc9e2f8f1de20a758f988c');
INSERT INTO `user` VALUES ('2', 'Kumar', 'Kumar', 'Engineer', 'Kumar.123@gmail.com', '9535866270', '#8928,4th Cross,Rajajinagar', '05/06/1987', 'Male', '560021', 'Bangalore', 0x89504E470D0A1A0A0000000D49484452000000E1000000E10803000000096D22480000008D504C5445FFFFFF3333333030302D2D2D1F1F1F2525252828281E1E1E1B1B1B2222221818181A1A1AF3F3F3F7F7F7FAFAFAF0F0F0ADADADE0E0E0E9E9E9363636D0D0D0B7B7B77C7C7C595959C3C3C3686868464646727272404040DBDBDB505050131313616161A4A4A4878787989898C6C6C68B8B8B5555559C9C9CBBBBBB8181814242429393930000008A8A8A6E6E6E3F146E4100000C0149444154789CED5DE79AA3B8121D2410609B6870C060E3D80E3BFDFE8F77C1EE608C08924A8D7ABE7BFEEDB7BB331CAB544915FEFCF93F98E184C1C2DFBEDD8EC7DBDBD68F02CF1DFA8B20112EFEE609B274DB304801C3B04D7DBA5EEE236FE82F03417449894E30D2AA40081B3A4EF6C1D0DF27886887C7E495DC334F63737DFBBD24DDF3BC95DE27497D150DFDA97CF0AF3AEEA2F700D1E787A1BF961D87ABDE797CDFC056FECB64355C6D18F8DD396E6ECED05FCD8033266CFC4AD8C9EFB98E1716017D3A467B3BF497F743783578F895B0DE7F83A466D39E1A940663AEBE9B1361018285E14854A7188DB8AEE037B0160ECDA115992148B0A098AA7C8AE154986021A87375032B3711BA839F30DE8726D28825879DA7C1BC0DCDA401BE0943B0706FD4F46E825A94CB0D9C2869F973904BF88071199A0D05BE054750D336EAC9A90B27A325F069684235ECB9DD6D3ACCF3D08C5E10762764D88012C5ECFE5FE023D434DD1F9A5305130877AD0ABC1E9A5405BE0E4D50D3C64AA9D335F8111687A8927B1A8DE009163651A1487106E47257612894980257A47728A46B22B0A0A20AA28C98DEA4086911442963126568D212783934B30F04928E5043534592520B09E6FE012B1B9ADB03475967A8CC455C0206F75590DDD0DCEE90E0757F02A9611103292EDB0396121929798A46D3464ABC7DFBB63C86A612150CB23C9A126A28D39534555A8417FBA1D995384953A585DFB61A9A5D094D224335CC859CE0F083E175687625249AC3C2F71E9A5D898D44861A199A5D81895486D6D0F40A8452198E86A6F747AE5BAA06C37FFF0C1DA90CF5A1E99590C910A1A1D99590185A68281D9A5D897FDF6BBBCAF4BCF3A1D99590950FBE3354E2850DB28EE615643634BB12729ED61E30DE866657E24D62F864C743B32B114B341796126FF9D1581EC3CD646876253C79F952A4295136E4A4D2CC059E0F4DEE0179E6420D6321D35CA8912E95692E74450A146595621467A848318627EB0111AD9550A505E692548D2A8A46623D8D123E5B09596FA48622A518C545042DD3FF821A29FD07E4A81A654AA20AECA45C44351E801F90135E6C14A9F9BA438698AAE2763F20434C5512D2424C256853531197ED01073E69AA46AAF41B177031554B48FFFC3980BB35EA14793FE0426B53D584143E0C56A3A2ED1913D8C76E359ED5AA80CDD6A8A6674A64908788882AD1FD3320CBBD0D25670E40C6C1AAA4A0AA70133083419428BAAC23063B444389F26E0AD640375191360B0A22A0D29AB1126F6A54C0A8535B89A76D3A0288E76094AA680B3F011144E9CAE4816900181EA1E0CC8F0AC467B8E8CA24BA1B900BCAA9A9508B3A1DA1D89C1AD565B4442C22A748596FE6192B0139556C644B0326FC05A744A1B79836703B6F68AAAEBB5645CC17EE23FD375CC207F63C71145274D21E1D338EDCA2F92BB4CC174ECC51867D1CFA9BD930612DE753EBB5B00F5873E02A0D14EA878CB1144CADC95E7DE0B2352920ACC4F40426B065F9D568AC60C396E922AAD176C08603D345D417437F2F3B32A6ACD4CFB61DC014EA644C526AFEA04BBAD8C1FC656C67F863AFF6E176BA02CA56B2DD43F4330CA315F90FCCB560D3A53F21A5936DAAEB1ADC857F67F2BDE517268437DB4636E0FE8C1031F934B2DDD2F0880B99B2FE02FE918C9EB75C9FC6DB6103696804F95EE0B0A6F7C7F2544D78D9945F830D509BFBCE9A5224B26A13828B7EFF169C822AB32D7B1BCD48CA7B85BB278FDF9AAC418564CB918942898454E239FD580B63E7908F92CE8CABEC1B5FA16D62361F7F68031DB2FB66E2A79C457C98EC2125C9DBD99F261972E949B69BDAFC8F4F06C963A858DFD7BE7EE80D589ED289D796E02330B6F5D501E0CA0427F3F34390056506B3BF06DF46B95792163A8AEA55FF7BB92402EA0F9BC47313ACFC1211732E22ADE1F2C958C19CA077D36CD81E44AC4F8FBCAA357EDEBEB88168B40D2E1BF165643520B2C9171C37D25B3EAD7E43109DC4D1CA92D5CB8DADEB96D50D58684F5F836C71828BBCEFC2582E207BBA678AE8F6156537122618A752F9DD391AC6AEB71FE02C2BEEA270B4B4482C89E385BE4146B37ED6234B2BF745178CAAA3F9CFF0BB731CCF7A28D6D8A808942EE6AA05EFC0E6A18B23B974DDC79D59F9C56D21673B9C6DC0F8214C6CD3269818B66ED477B07F731CDDDAF4AA9357F3B38648E18A77B3A1EC43E1BDA4F92E8EA22C08B2E8B09DE5A8D9B33550B3EDF092EA27119178D047502D4ED8D2FE462F1FED1D6EEB510349F45F93720CD2AA4CE1357F389D9D40DCEB3BBF754314911D313504D39B8A1922542588F81F099C1DD40544F6BC2DF515AFCDDA5F643475619C5FD79CF33F992F78C3F71A30E932568BBCAA1B357C6AB85AFE6B9599C51BF1BA332801D58C3E99AFB3F6AC1E116E3017B5F5A7366FBB4634056BA2B47B76FDEC8DA740B6C1AFF15FD35E24E7247813DD47FD8DFEDE46987F1E5053185413519CF2C5CEE11C6EB29ECE2245DB876FDF541356AB9C479C235F1608CE47236C8F307777BAA926ACBE82983360BABDAA6301B0EFFA7DD711A61BF0B856AB6B7069197705391382438ADE1A76E71E6A0431D7EC2C6F0ED988CED5B6450F9DB2BA9BBEE1C95E8529641A0670E35F38ADE986318FA90F30681C6883BD4C38D7BA5BC7131206F51F4A048095CEF39A68A12B4740014C90DBDDA8E352B7CF3C956393149420C20D323A59C4DBED39623023941E39AE42F1136CAEB721BB77585AA66D18BA652DFD9ED734AA3F3273ADA4E1E9296801BDE7C79D8DBE0405DBC6B28FA87994C62393434663D8A99D0851C39FBCFA33627DDEED12504651F2C86800FCDC428F0E76358D8137AB0E9D78AC6B19AE55ECC0333BE943830EB41629326D9538DAC4A611878C9E81E7E8E9B4DA3C97DEC987EC960892361096CBE1069E614DDF54D158D06F37A739289DC6087144BDD05B0DA9B7F0DCACCB306E50385B4AA063723C32B950533CBE18523441EB006244A8E5FB01255BCC35172C039EBF86694E717B791FA29E0C6D3C3A570B3FF470325AC9472D4BF68A513DA74A9B686070F5F5418F77A68C790CBBEDADF54A31A468078479E27A97AD86B91388929CE933EAE535DA5A52E49AAF60C6015EA6461909DC6F6E6D357546EB70E0CC1A04C0E69E5C6A7F45CFDE36EB49A352676D513D896E404F5CADB7A6B93D3D0AF46417B7945BC83B301A9C614D2BF65E0C89BFC61078B42770DE05F3D00CEB6310FBAF4DFCBA68478A05E31EBD2F9F21C3DAC48F149A47FB3F6CDE1E18F952EA30B8148F8927B41954FCF315A119927A3B0ECBE4B3F2ED30A0FC248DA9AD9F6748D93E7D60304808B954EB2230223303B687B4D7319A7FD204320B2947DE90F9E985107A41AC51FF96D7229F56609AA32C32E5D4811E5E6D5282BD49CE50FB47FB2FC7229D0BD06B1B0935C289AF22D51D62DBA0A067AC37EC1B71FDC4E4E6C86D0BEF3840AF02301BDED7DD38E5E448F1E65900BE2EAE25C88953AE46225BB0118CE6C70B416FCED9BA5B8E6224E159C30EF8A0FCB630C73BD60BF53A203E37EB0CBD8D9A6630BE91ADD9AE23C480C519B09C22AD5DF7F988457F8F011AF8DDFA4BB918BADEB8C3F7FECF7928112758F81CA085345A8F8A3D7FDC575279F2F834E4C0826A76950B053D8B77E0A629AFF83D0E2AC65D95C12F7D3D4DB0E1864CF80436F93DEE7CE8BBF5086BBA94161342E0E61F7BD9F57171B7DC083A6CAFF011E8833E31BA9444D659A6043DCD66F226D2815E031ABD77E43843AD9DA2843D42DE168195E9975F68AFDA3986EDB55810D6BE06C74FC6E2F3D6BF40ECF676BB568A5CD54F7D101C531D8E24D9ACDA387AF5DACA2F48DC23E42C2EC9D880321F643C6BC976364F3E4753A99B1F9DECEDB4813A4A825B322D51D3CDFF810D26DEE2B626B621365EFE0E644F9B43AAA6B2BA1F1ADB3E89B6EF6B64D92D4D9FFD388E568D32F74675E07E72C3AC1B66FE2E9F8E2CDB10F0ED48F33152B3E23C156C6270BCE8BCBD9CC86664E9255554828522329B2ED684F207C104867C08A345BC9FE5EB249D6A65F772C99710FC0144C3FDDF10B2491A942AA514D85262D0A913065956F0DDEE77B3D5FB7299E7F3F969BD4E926B9A4EA7D334BD5E932459AF4FF37CB95ACD76B75B5330B47F0D50873CC20EB8AEE33893895762329914FFE0B83DA2D8D7C9E7BF633D040B5E1EC3116773A1CAA8F6DFFDC681CA9D78361988A8B4AA1B0ACFC12257E796FA08BEC63ED9BF64490B33C2DC2285F1248D9EC13F80C52CD192D9AFDB2DC0843EB69305FF03B1EFC7D6C2AA26A20000000049454E44AE426082, 'Authorized', '-23ef0be036c60e7732d841478b5662020b71f0e1');
INSERT INTO `user` VALUES ('3', 'tmksmanju', 'tmksmanju', 'Scientist', 'tmksmanju13@gmail.com', '9535866270', '#7827,14th Cross,Vijayanagar', '05/06/1987', 'Male', '560040', 'Bangalore', 0xFFD8FFE000104A46494600010100000100010000FFDB00840009060712131015131312151615171815171517171515151A151A1515161615181715181D2820181B251D151521312125292D2E322E171F3338332D37282D2E2B010A0A0A0505050E05050E2B1913192B2B2B2B2B2B2B2B2B2B2B2B2B2B2B2B2B2B2B2B2B2B2B2B2B2B2B2B2B2B2B2B2B2B2B2B2B2B2B2B2B2B2B2B2B2B2B2B2B2BFFC000110800E100E103012200021101031101FFC4001C0001000202030100000000000000000000000107060803040502FFC40049100001030202080206080402080701000001000203113104210506071241516171138122325291B1F114234262728292A143A2B2C153B32433638393A3E1F01516447374C2D225FFC40014010100000000000000000000000000000000FFC40014110100000000000000000000000000000000FFDA000C03010002110311003F00BBD2BC90F251D07C90493C0213C38A8B6412DDD04934EE84D145BBA5B337FF00BB209AD2E95E257CB9C002E71000CCD6C07755EEB46D5B0D092CC30188907DAAD2269FC5793F2E5D50589BD954E43E1DD629A6768BA3F0E483378AE15F4211E21A8E05C3D107A12A91D60D6CC66309F1E625A7F86DF4231F905FF354F55E2A0B4B4AED96535187C2B1A383A57179FD0CA01FA8AC5F1DB46D272FFEA4B0728D8C67EF42EFDD62AA626171A34171E4D049F7041DF9F4EE2DF9BF15887779A523DDBD40BA4F95CEF59C4F724FC57AB84D54C7C9EA60F107A989CC1EF78017799B3DD286D827F9C900F8C810636C91C2CE23B1217720D358A67A98AC437F0CD28F8397B2ED9E69517C13BCA5C39F848BA78AD50D211FAD829FF2C65FFD1541DCC16D0749C56C5BDC3948D649FBB857F759368BDB1E21A409F0F1C83898DCE8CF7A1DE04FB956B8885CC347B5CC3C9ED2D3EE2BE106C0E85DA768E9F274860772986E8FF88096FBC8598452873438105A730410411CEA2EB5397A7A1358315847570F33982B52DAD58EEF19F44F7A5506D00280D7B2AC35636B714948F1ACF09D6F158098CFE26E6E67EE3A856561E76C8D0F8DCD731C2A1CD21C1C3A1191083941AF64AF2517C82741F24124F0084F00A2D904B774124FBD4D57CDBBA90297BA0952A14A0F92780516C8292795D45BBA05BBA5BBA5BBA5B33740B666EBC6D67D67C3E063F12777A46BE1C6DCDEF2383472E6E3905E46BEEBD47806EE3409312E156338460FDB92961C85CF4152287D27A465C44AE9A6797C8EBB8FEC00B35A3801920F735BF5E3158F716B9DE1C3F66161CBBBDD779EF97201632A0959EEA76CCB118AA4B39304273151F5920FBAD3EA0EAEF71BA0C1F0F03E478646C73DE6CD6B4B9C7B34665679ABFB27C64D474EE6E1D9C8FD6487F2B4D1BE66BD15BBA035770B8466E61E26B3DA7DDEFF00C4F399F8725EAF40830BD11B30D1D0D37A374EE1774AE247FC36D187CC1596E130714437228D918E4C6B5A07900B9FA0F925B20827A0516EE96EE96EE816EE96CCDD2D99BA752838E7C3B1EDA48D6B872700E1EE2B16D2DB37D1B3D4F81E0BBDA8498E9F907A04FE5596F5297CCD9052DA77645898C1761646CCDF61F48E4F23EAB8F72D55F63F032C2F31CD1BE378FB2F6969EE2B71D464B6AAFDBE2BA5A5F44418A67873C4D919F78660F36BAED3D410506AD2F6F5635AF15817D617FA04D5F13B363F9E5F64FDE143DECB2FD6FD954B16F49822668C66623FEB1BF80DA41D323F8956CE041208208241072208C88238141B1BA9FAE987C7B2919F0E602AF89C7D21CCB4FDB6F51E602C92D905AA386C43E37B648DCE63DA6AD734905A798215DDB3BDA1B7154C3E228DC4D3D17641B3D397B2FE6DE371C400B02DDD2DDD2DD4A5B33740B666EA40E254752A40E2504A95155283E49A77516EEA49A28B666E816CCDD61FB43D746E0220D651D89907D5B4E62316F11FD390E27A0247AFADBAC31E070CE9E4CDDEAC4CAE6F79B3474E24F000AD70D29A465C44CF9A676F48F3571F80038340A0039041C389C43E47BA491C5EF792E739C6A5C4DC92985C3BE47B638DA5EF79DD6B5A2A5C4F00130D877C8F6C71B4BDEF21AD6B732E26C02BFB67BA8ECC0C7BEFA3F10F1E9BEE180FF0E3FBBCCDC9E94003CDD42D9B4786DD9F141B24F916B6EC88F4F6DFF7AC38733615FB25FB274081D02741F24E83E4B871B8B8E18DD248F0C6341739CE340D1CC941CD6C82F1F4EEB560F06293CED6BAFB82AE79FC8DA9A2AA75C76A134C5D160CBA18B3064B4B27507F863B7A5D4595764D49273249249CC926E49E2505C7A436C9034910616493EF48E6C40F5006F1A77A2F1A5DB262AB56E1A11DDD23BE042AD5105931ED8F155ABB0D01EC646FEE495EAE036CD193F5F847B4738E46C9E7BAE0DF8AA85106C9682D74C0E2C86C53B43F846FFAB793D1AEF5BCAAB20BF6F8AD4C2166FAA3B48C4E1088E62E9E0B16B8D6460FB8F37FC2ECB802105F97EDF14E8174B43E9687150B6581E1D1BB88C883C5A45DAE1C415DDE83E481D07C961DAF3A81063817C748B13C240327D384A05F96F5C75192CC6D904B7741AB1A5746CB8699D0CCC2C91B70788E0E69B39A7810BA809041048233041A104660822C7AAD91D74D52871F06E3FD195B5F0A503361E479B0F11F0342B5E74BE8C970D33E0999BAF61A11C08E0E69E2D2330505CBB31D7CFA50FA3620FF00A4347A0F3FC768F83C711C6E38D2C2EA56A8413398E6BD8E2D7348735C0D0B4835041E6B61B67DAD8DC7E1F79D413C746CAD1CF848D1ECBA87B104704194F52A4679A8BE66CA467DBE283EAA88883E4E59AF9738005CE20002A6B6005D7D1E65577B64D62F070A30CC3493115DEE6D887AD5FC47D1EDBC82B6DA0EB41C7E2CB9A7EA63AB201D3ED3CF57115EC1A382C60952B3CD92EAAFD2B13E3CADAC3010686D24976B7A86E4E3F9799419A6CA752BE8D18C54EDFAF91BE8B48CE261E1D1EEE3C85073AD857EC97EC9D0207409D07C93A0F925B20816C82A0F69DADE7193986277FA344E2053F8AF19179E60661BEFE395ADB48D2FF45D1B339A68F781130F1DE93224750DDE77E55AE40209445D9668E98C46510C86202A6411BB700E65F4A7EE83AC88880888808888324D45D6B7E03101D52617902665EA3DB68F6DBFB8CBB6C5C3335CD6B98439AE01CD2330438541AF1A85AA0AF5D8D69832E8F309357C0FDC1F81DE947E43D26FE4419EDBBA5BBA5BBA5B33740B666EB12DA2EA78C7E1F79B41888C1313ADBC38C4E3C8F03C0F4AD72DEA53A941A9CF61692D7021C090E0450820D0823810725EAEAAE9E7E0B14C9D998069237FC461F59BDF88EA02CF36CBAADBAE18F89B46BC86CE0707599279E4D3D77799556A0DABC0E2D93C4C96376F46F68734F304547C9762B5ECAA5D8A6B1577F0323B9C905795E460F33BD4EAE56D57920FA45145283E5D4B9B0FDBAAD66D73D37F4CC74B3D6AD27762E91B3267BF3777715776D474B1C3E8D9883474948599D0D64A8711D4303CF92D7741C98681D23DB1B055EF735AD1CDCE20347BCAD99D57D0ADC26122C3B3EC0F4DDEDBCE6F779927CA8382A8B633A0FC6C6BA770F430EDA8EB24956B7DCDDF3DF755E5D0207409D07C93A0F925B20816C825BBA5BBA5BBA0ABB6EF3D21C2C7ED4923CFE46068FF0034AA79A0920004939000549272000172AD6DBC03BD83ED3FC625E7EC6357DB3621F8A9002D8281839C8E04EF53EE8B75703C1064BA85B358A16367C6B1B24C685B1BA8E645C45459EFEA721C2D5362BA30410E037694DD232A5294217D75297CCD90537AF9B31747BD88C0B4BA3BBA019B99CCC43ED37EEDC70AD8563FF7DA975B657EDF158B6B4EA160F1C4BDCDF0A5FF00163A02E3F7DB67F739F50835D9166FA6F65D8F8093186E21838C7E8BBCE371FD9A5CB0CC561DF13B76563E377B2F6B98EFD2E00A0E344440565EC2F13BB8BC447EDC4D77FC37D07F9A5568AC0D891FFF00A4FF00FE3C9FE64482F2B666E9D4A7529D4A075297CCD92F99B25FB7C5075F48E0998889F1482B1BDA5AE1CC114F2E8B58B4DE8B7E17112E1DF9BA3716D7DA176B8742D20F9ADA5BF6F8AA8F6E3A1407438C60BFD4CBDC55D11FEB15FC282B4D11A45F87C4473B3D68DC1C3AD3D66F62091E6B683018C64D1472466AC7B5AF69E8E008F8AD545796C5B4BF8B817404D5D03C81F824ABDBFBEF8FCA10585452A14A0A736EDA4AB361F0E0E4D6BA570EAF3B8CF7063FF52AB5655B51C678BA5B11C985918FC8C6D7F98B962CC8CB8868BB8803B9341FB9417EEC8B46783A318EA51D339D2B8F427763FE46B4F9ACD3A0F92E0C0618451470B2D1B1AC1D035A00F82E7B64102D904B774B774B7740B774B666E96CCDD48E650559B7780F85859393E46FEB6B5C3FCB2A7610F1E0E28711246EF7B081FD25799B58D6FC2E2A3FA2C5BEE7C53076F803C325AD7C6E6835A9F5EF4A649B0E94B3178985E0B5CE898E2D702D23C27119839FF1905C97CCD92FDBE297EDF14BF6F8A05FB7C52F904BE413A0F920741F25C788C3B1EDDC731AF1C438070F305725B2096EE831DC6EA2E8D93D6C1C553EC031F9FA042F267D94E8D366CADFC32B8FF5D56716EE96CCDD052DB43D9FE17038413C52CE5E6463035EE8CB7D20E26CC06B469E2A76170FFA5E21FECC21BFAE4047F9657B1B75C47D4E161BB9F2B9E00CFD466E014E27EB5631B31D68C368F9266E25B2874A6369706D44623DFAEFB49DE19BF8036417BF5297CCD9446E0E01C082D22A08CC107306AA6FDBE2817EDF14BF6F8A5FB7C52F9040BE41785AF5A2FE93A3F11081576E1733F1C7E9B0799681E6BDDE83E49D020D4C078ACF7631A44C7A4BC3AFA33C6E6D3EF33EB1A7DC241F99627AC581F03193C3C192C8D1F8438EEFF2D1726AAE33C1C761A5F6668EBD8B835DFCA4A0DA144441AB5AC536FE3312F3F6A798F9195D4FDA8BB1A9B86F1348E159CE7889ECC7079FD9A579533F79CE77324FBCD5647B336D74BE107DE90FBA094FF641B1BD028B774B774B7740B774B666E96CCDFF00EEC9D4A0753F25D5D2AF7370F2BC7ACD8E42DE843090BB5D4A873038106C4114E60F341AFF00B21C2C726948FC400EEB247B6B9FA6D0287A90093DC555C9A534537E9B87C63451CDDE8653EDC728A36BCF764F0E9D0B95198095DA2F4A8DE0698794B5DCDD19AB6A071AC6E0E03A85B1914AD918D7348731C039AE1987039820F2B20E4BF6F8A1CF2097C82741F240E83E496C825B2096EE816EE96EE96EE96CCDD02D99BA7529D4A75283C33A29B2E91FA4C801104623841FB2F90EFCAFEFBBE1807AB9563B71C331B8C85ED003E489DBFD771D4613D6848AF41C95D4071B0BFF00D4AD78DA1E98FA76927783E9B46EC10D3ED90E22A3F13DC69D2882E6D9E3DCED17842EE1134770D25ADFD80590DFB7C574B42E004186860168A3632BCF75A013E745DDBE4102F904E83E49D07C93A040E812D90BA5B2174B7741AF7B57C36E6969FEF889E3CE36B4FEED2B10712054644663A1E0B3DDB5B29A51BD70F11FF9930FFEAB0228363BFF00350E43DE8A90FF00C69FED220F0E46D091C891EE2B25D98BA9A5F087EF4A3DF87947F75E2E9D8B73178867B334CDFD32B87F65DED48C4787A4B08EFF006D1B7F59DC3FD48365EDDD2D99BA5B3374EA503A9F927529D4A5F33640BE66C97EDF14BF6F8A5FB7C50579B56D4CFA530E2E003C689A77DBFE2B1B5397DF6E74E75A7258FEC63599E2538291E4C6F05D054FAAE6FA4E637A39B534E6D3CD5C77C82D79D77D10FD1BA4B7A1F45BBC27C39E03D2AEE766BB2A7B34E68361BA0F925B20BCFD5FD2ECC561629E3B48DA917DD759ED3D43811E4BD0B7740B774B774B774B666E816CCDD3A94EA53A940EA52F99B25F3365C38CC53238DF2C8E0D8D8D2E713C034549FD90571B67D677C4C66122796BA405F290687C3CDAD6F40E3BDE4DA715D2D90EA57AB8F9A94CFE8ECF7B4C8EFDF7475AF2586C4C974BE95371E33EA7FD942DFDAAD6003AB8F55B118781AC6363600D631A1AD02C0345001E410725F209D07C93A0F9274081D025B2174B642E96EE816EE96CCDD2D99BA752828ADB63ABA4DBD30D10FF009931FEEB02598ED6F13BFA5A51EC36267FCB0FF8BCAC324391EC507A7FF85BB922BAFF00F287DD0882A9DA5E13C2D2B891C1CE120FF78C6B8FF3172C72098B1ED78BB1CD70EED21C3E0AC9DBA68EDDC5413819491BA327AC4EA8F3224FE5559A0DAEC2CC1EC6C80E4E68737B38023E2B93A95896CAF4978FA2E1A9F4A1AC2EE9E19A33CF70B165B7CCD902F99B25FB7C52FDBE297EDF140BF6F8A5F2097C82741F240E83E4B17DA26AB8C7610B183EBA3ABE136A9A7A4C2793865DC34F05945B2096EE8292D90EB4FD1A7760E63BAC99DE86F65E1CDEAEE906DBD40DA7B40732AEDB77553ED6751C92EC761DB537C431B734FE2B40FE61E7CEBE8ECD7684D9DADC3629F49C504721B4E38027849F1B8CEA1058F6CCDD3A94EA53A940EA52F99B25F3364BF6F8A05FB7C554FB67D6B14FA044EE4EC4106C051CC8FE0E3F97995926D0B5F23C130C5110FC4B87A2DB88EBF6E4FECDB9ED9AC23667A9AFC64DF4DC555D10717B77AF8892B52E3CD80E7D4E5605065BB25D55386C399E46D269C039DE38EED6D3813EB1FCA382CFBA0F9213C0274081D025B2174B642E96EE816EE96CCDD2D99BA75281D4A90389F928EA7E4BC8D6ED29F46C0CF3D8B2376E57DB70DD8EBF98B506BCEB5E3BC6C762651674B253F0876EB7F95A1716AF613C6C661E2F6E689A7B178DEFDAABCE028B37D8FE8EF174A31F4CA163E43CAA4786D1DFD327F2A0BFD1110615B5BD13E3E8C91C055D011337B36A24FE4738F905AFEB6C66883810E00B4820836208A1AAD61D65D107098B970E6BE838EE93F698738CF9B48F3AA0CD7625A64478A930AE3E8CCDDF67FEE46331DCB2A7FDDABAAFDBE2B55747E31F0CAC9A3347C6E6BDBDDA6B43D0D8F42B67742693662B0F1CF1FA92343BA836734F504107A841DDBF64BE413A04E83E481D07C92D904B6412DDD02DDD2DDD2DDD2D99BA05B3375576BDECB8485D3E0835AF39BE0C9AD71E719B35DF74E5DB8DA3D4A7528285D17AFDA4B00EF027064DCFE1E20383DA3EEC9EB53913BC392CA70FB66848FACC2480FDC7B1E3F9B7558DA4745C1886EECF0C7237807B43A9D456C7B2C5F11B2ED18F35113D9F825781EE712020F0F11B66829E8612627939F1B07991BDF058D698DA7E3F147C2C3B443BF906C41D24AEE8D752BFA5A0F559F61F657A301A98E478FBD2BE87F490B26D15A0F0D870461E08E2F68B5A013DDD73E65055FA97B2E924789F1F50DAEF783BD57BCDEB2BB80E80D4F1A58DBD1B0340630068000000A068190000B2FAE83E49D02074096C85D2D90BA5BBA05BBA5B3374B666E9D4A07529D4FC93A9F925F32817CCAAAF6E3A6E8C8708D39B8F8B27E16D5B183D0BB78FE456862276B18E91E4358C05CE26C0345493D000B5975A34D3B198B9710EA80F77A0D3F658DC98DEF402BD4941E5ABAB61FA27730B2E208CE67EEB4FDC8AA3FACBFDCA9BC0E11F2CAC8A3157C8E6B1A3AB8D057A66B68743E8F6E1F0F161E3F56363595E741993D49A9F341DEA228A2941F242AC36D5ABDE244CC6C6DF4A2A325A718C9F45DF95C4F93CF2567915ECB8B13036563A37B4398E05AE06CE0E1423B50A0D51564EC735A3C294E0A4752394D6227ECC9C5BD9E065D47DE588EB96AF3B038B7C26A59EB44E3F6D86D9F31EA9EA3A85E2349041048233041A1045883C0A0DB2E83E496C82C3766BAE231D87F0DE47D2620049C3C416128EFC4703D085E9EB36B8E1302292C95908A8899E93CF2247D91D5C4041EFDBBAE0C663228585F2C8C6378B9EE6B07BDC68A93D3DB57C64A4B70E1B87673CA490FE670DD1D837CD60F8DC64933F7E591F23BDA7B8BCFBCD905E9A576A5A3E1A8639F3BBFD937D1FD6FA0A7515584698DAEE324A88238E01C09ACAFF002268D1FA4AAED105C9B19D253E224C64B889A495C04006FB890DAF8A4EEB6CDB0B00ACEBE66CAA1D83CC3C4C5B0DCB6170FCA6407FA87BD5BD7EDF141E5EB369D8F07867E22504B5B401AD19BDCE346B7A549199547E90DA4E93924739B88F09A4E51B19196B4701573493DC9F7595F9A43051CF13E191A1D1BC16B81E20F2E5CEBD16BF6BD6A649A3E4077B7E07B888DF51BD5A5771EDF680E2323D2C8221DA26946B81FA59750FAAE8E2A1E868C069D88574EA3EB4B74861BC46B771ED3B92B7321AEA03E8BB882083CC5735466A6EAB4BA427F0D84358D01D2BCD3D06934146DDCE3434E1CC85B0DA1744C5848198781B46B477249BB9C78B8941DEE81605B63C54B0E0E192195F1BDB886FA4C716920C52D41A5C6432392CF6D90BAADF6E730182819C5D38779322901FDDE3DE8312D0DB58C74541288F10DE3BC3C379FCECCBDED2B37D0FB59C0C994C2481DF79BBEDF2732A69DC0545A20DA7D1BA4E09DBBF0CD1CA39C6F6BC0E991C8AEDF53F25AA18799CC707B1CE63859CD716B87670CC2CD3416D431D010252DC430709327F948D1FD41C82FBBE652FDBE2B16D57D7EC1E34860798A53FC29280B8FDC759FD867D17635DF5A63C0618C868E7BAAD859EDBA9C79305C9EC2E420C3B6CFAD5BAC18189D9BA8E9C8E0DBB19DDD73D00F6953EB9717897CB23A491C5CF792E738DC9373FF45D9D07A264C56223822157BCD2BC1A2EE7BBA0153FB5CA0CFF0062BABA5F33B1AF1E8C756455E2F70A3DC3B34D3F39E4AE6E8174B4368C8F0D878F0F10A3636803AF12E3CC92493D4AEEDB2412A542941F2457B28BE4149E4A3A0F920C6B5F7559B8FC37862826655D0BCF0771693ECBAC7C8F05AED89C3BE37BA391A5AF612D734DDA464415B5D6C82AFF0069FA8BF4A6FD230E07D25A3D26FF008ED02DF8C703C6DC880A5B4763E582412C323A391B5A39B7151423AE4B82591CE71739C5CE26AE738924937249CC95F241048208209041C88232208E0510111101111064DB39D3430BA4627B8D237FD549D0484509E81C184F4056C65FB7C56A610B60F661ACBF4CC106BDDF5D0D192F370A7D5BFF003019F56B906617C82A236C3A6FC7C7F82D3E861C6E74323A8643E5E8B7BB4AB975934BB70984967368D8481CDC72637B97168F35AC334AE7B9CF71AB9C4B9C79B9C6AE3E64941916CEF4E7D134844F268C79F0A4E5BB210013D9C1A7B02B63AD90BAD4C216C76CEF4EFD2F47C5213591BF552F3DF8C0153DDA5AEFCC8325B77544ED8B4D78F8E10B4D5B876EE9E4647D1CFA76018DEE1CADAD73D3EDC0E0E49CD0C9EAC4D3F69EEF547619B8F4695AD72C8E738B9C4973897389BB893524F524941F28888088880BB5A4749CD396BA695F2163431A5E6A4345857FBDCF15D5504A0903CF9019D7B057DECC353FE850F8B2B7FD265037BFD932E23EFC4F5A0E0BC0D95EA21696E3312CF4B27411B87A9CA5783F6BD91C2F7A52D6B642E816C85D48CBBA8B775232EE8254A85283E49E0145B20A49E0145BBA05BBA5BBA5BBA5B337415EED1B6783155C4E1A8DC45DECC8367FFF002FEBC6C798A4A785CC7398F696B9A48735C082D22E08362B6BFA958B6BA6A3C18F697BBEAA7028C95A3959B20FB6DFDC702835D917ADAC7AB989C149B93C6403EA3C66C93F0BB9F4342392F2501111017B3AA3AC3260714C9D952DF56460FB6C3EB0EE3220F30385578C88364F4DE8F834A68FDC63EAC95AD7C720FB2E06AD2471A1142D3D46456BCE98D15361667433B0B5EDF73870734FDA69E07FB82164FB38D7776064F0A524E19E6AE1993138FDB68E23DA6F98CF2370E9FD0184D2387687D1E1C37A295846F377854398FCC50E59660A0D71C0E0E49A46C5130BE479A35ADB93FD87124E4066B61751F56D9A370643DE0BDDF593BEB46821B615B35A05FB9E839354753F0DA3A33B9E94847A72BA9BCEE341C18DE839675BAAD769DAFBF49270B8675601FEB641FC620FAAD3FE18E7F68F4198785B43D6B38FC555A4F811D5B08E7ED4847375076007558B222022220222EF686D0F3E2A511411BA47F1A59A3DA7BACD1D4FC507440FDF21D6B656E6CEB66E5A5B89C637D2C9D140E1EA710F947B5C99C38E790F7F51F6790E0A92CA44D89F6A9E845FFB60F1FBC73E5459BDB21740B642E96EE96EE96EE816EEA40E2545B32A40E2504A94441F24FBD45BBAFA2A00A67C5045B3374EA5481C4A01C4A08EA52F99B29A56E94AF6F8A0EBE37071CEC31CAC6BE375DAE0083E4555BACFB23AD64C0BFF00DCC84D3B324BF93BDEADA39F643C906ABE93D193E1DFB93C4F89DC9C295FC2EB38750485D45B578EC145330C7246C9186ED7B4387B8F158369BD92E0A5A981CF81DC81F119FA5E6A3B0704146A2CEF4A6C9F48464F87E14EDE1B8FDC779B5F403C9C56318ED5CC643FEB70B3B7AF86E23F53411FBA0F2D647AB1AEF8CC0B4B21731CC39EE4AD73DAD3725BBAE696D78E74E9558D9700684D08B8E23C92A832CD61DA163B19118A4746C61F5842D7337C7B2E2E7B8EEF414AF1AAC5117CEF8E63DE83E917A182D058A9BFD561A67F56C4FA7EAA53F759368BD96692969BEC8E11CE478269D1B1EF67D0D10612B9B0583926788E28DD23CD9AC6971EF41C3AAB93436C7F0CCA1C44AF98F16B7EA99FB12E3FA82CF746E8A830ECF0F0F13226F1DC6815EA4DDC7A94152EABEC925790FC6BFC26DFC2610E79E8E7E6D6F957B856CE89D15061A31161E26C6D1C00BF57139B8F539AEEF4096B208B642E96EEA694EE8053BA08B774B665481C4A01C4A08EA7E4A467994A573297EC826AA511042294410854A201444405014A20808A5101111062BAE56F22A8FD60F5CF74441D7D0FEB8F25756A4F0ECA51066E8888014052882114A20845288214A22082A5110422220FFFD9, 'Authorized', '17e434b76de921b118cc9e2f8f1de20a758f988c');
